"#TYPE","#FORM","#SENSE","ENG","GLI","CRN","NRR","SWD","GER","DUT","PQL","RUS","FIN","BSQ","LTN","ITA","PRV","PRT","KHK","JPN","Romaji","CMN","Pinyin"
"#LANGUAGENAME","british","Sense","English","Irish","Cornish","Norwegian","Swedish","German","Dutch","Polish","Russian","Finnish","Basque","Latin","Italian","Provencal","Portuguese","Mongolian","Japanese","Romaji","Chinese","Pinyin"
"#INPUT-METHODS",,"nil","british","irish","british","norwegian","swedish","german","dutch","polish-slash","russian-computer","finnish","basque",,,,"portuguese",,"japanese-hiragana","romaji","chinese-tonepy","tone-pinyin-as-such"
"#COLOR",,,"blue","green","white","blue","yellow","black","red","white","white","blue",,,"green",,"red","blue","red","red","yellow","yellow"
"#BACKGROUND",,,"white","white","black","red","blue","orange","blue","red","blue","white",,,"red",,"green","red","white","white","red","red"
"phrase",,"get the right preposition!","... because (of) ...",,,,,,,,,,,,,,,,,,,
"phrase",,,"a place for X","áit faoi choinne X",,,,,,,,,,,,,,,,,,
"noun",,"grammar","abbreviation","giorrú",,"forkortelse",,,,"skrót",,,,,,,,,,,,
"noun",,,"abbreviation","giorrú",,"forkortelse","förkortning","abkürzung",,,,,,,,,,,,,,
"preposition",,,"about",,,"omkring, omtrent",,,,,,,,,,,,,,,,
"adjective",,,"above",,,,"över, ovanför","oben, darüber",,,,,,,,,,,,,,
"preposition",,,"above",,,"over, ovenfor, ovenpå","över, ovanför","über",,"nad",,"yläpuolella",,,,,,,,,,
"noun",,,"accident",,,"tilfelle",,,,,,"onnettomuus",,,,,,,,,,
"adverb",,,"accidentally",,,,,,,,,"vahingossa",,,,,,,,,,
"noun",,"bank","account","cuntas",,"regning",,"rechnung",,,,,,,,,,,,,,
"noun",,,"acquaintance","aithne(f4)",,"bekjentskap, kjenning",,,,,,,,,,,,,,,,
"noun",,,"act, deed","gníomh",,,,,,,,,,,,,,,,,,
"noun",,,"address","seoladh(m)",,"adresse",,"adresse","adres",,,,,,,,,,,,,
"verb",,,"adorn","maisigh",,"smykke, pryde",,,,,,,,,,,,,,,,
"noun",,,"adornment","maise",,"prydelse, smykke",,,,,,,,,,,,,,,,
"noun",,,"advantage","bua(m),pl:~nna",,"fortrin","Fördel",,"avontuur",,,,,,,,,,,,,
"adjective",,,"affectionate","bách",,"kjærlig, hengiven",,,,,,,,,,,,,,,,
"adverb",,,"again","arís",,"igjen","igen","wieder, nochmals",,,,"jälleen, taas, uudelleen",,,,,,,,,,"zai4"
"preposition",,,"against","i gcoinne",,"mot",,,,,,,,,,,,,,,,
"adverb",,,"ago","ó shin",,"for – siden",,,,,,,,,,,,,,,,
"noun",,,"agreement","comhaontú",,"enighet",,,,,,"sopimus",,,,,,,,,,
"adjective",,,"alike","cosúil le chéile",,"lik, likedan",,,"gelijk",,,,,,,,,,,,,
"quantifier?",,,"all",,,"alt, alle, all",,,,,,"kaikki",,,,,,"bükh",,,,
"noun",,,"alley","caolsráid",,"smug","Gränd",,,,,,,,,,,,,,,
"adjective",,,"almost","beagnach",,"nesten","Nästan","fast, beinahe",,"prawie",,"melkein",,,,,,,,,,
"adjective",,,"already","cheana",,"allerede, alt",,"schon",,,,"jo",,,,,,,,,,
"adverb",,,"also","freisin",,"også, desuten","Också","auch, ferner",,,,"myös",,,,,,,,,,
"conjunction",,,"although","cé",,"skjønt","Fast, fastän",,,,,,,,,,,,,,,
"adverb",,,"always","riamh, i gcónaí, i dtólamh",,"alltid","Alltid, ständigt","immer, stets","altijd",,,,,,,,,,,,,
"adjective",,,"amateur","amaitéarach",,,"Amatörmässig",,,,,,,,,,,,,,,
"noun",,,"amateur","amaitéarach",,,"Amatör",,,,,,,,,,,,,,,
"conjunction",,,"and","agus",,"og","och","und",,,,"ja",,,,,"e",,,,,
"noun",,,"anguish","léan(m1); pl ~ta",,"pine, kval",,,,,,,,,,,,,,,,
"verb",,,"anoint","ung",,,"Gnida in, smörja",,,,,,,,,,,,,,,
"verb",,,"answer",,,,,"beanworten?, anworten?",,"odpowiadać",,,,,,,,,,,,
"noun",,,"answer, message","freagra(m)",,"beskjed","Svar, besked","antwort(f)","antwoord",,,,,,,,,,,,,
"pronoun",,,"anyone","éinne",,"noen, envher","Någon, något, några",,,"ktokolwiek",,,,,,,"Alguem",,,,,
"noun",,,"apartment","árasán(m)",,"værelse",,,"flatgebouw",,,,,,,,,,,,,
"noun",,,"appointment","coinne",,"avtale","utnömning, tilsättning","verabredung",,,,"varattu aika",,,,,,,,,,
"adverb",,,"approximately",,,"omtrentlig",,,,,,"noin",,,,,,,,,,
"adjective",,,"apt, appropriate","cuí",,"passende",,,,,,,,,,,,,,,,
"phrase",,,"are the instructions available in $language?",,,,,,,,,,,,,,,,,,,
"verb",,,"argue","áitigh",,"drøfte","diskutera","eröten, deuten",,,,,,,,,,,,,,
"noun",,,"argument","aighneas",,"bevis",,,,,,,,,,,,,,,,
"noun",,"travel","arrival","teacht",,,,"Ankunft(f)","aankomst",,,,,"adventus","arrivo",,,"khüreltsen irekh",,,,
"verb",,,"arrive",,,"ankomme",,,,,,"saapua",,,,,,,,,,
"adjective",,,"artificial",,,"kunstig",,,,,,,,,,,,,,,,
"noun",,,"artist","ealaíontóra",,"kunstner","konstnär","künstler(m)",,"artysta(m), artystka(f)",,,,,,,,,,,,
"phrase",,,"as soon as","chomh luath agus",,,,,,"jak tylko",,,,,,,,,,,,
"verb",,,"ask",,,"spørre",,,,"pytać",,"kysyä",,,,,,,,,,
"phrase",,,"assume human form","colainn dhaonna a ghabháil",,,,,,,,,,,,,,,,,,
"adjective",,,"athletic","lúfar",,"atletisk",,"Athletisch",,,,,,,,,,,,,,
"noun",,,"atom",,,"atom",,,,,"атом",,,,,,,,,,,
"noun",,,"attack","amas, drochiarraidh",,"angrep",,,,,,,,,,,,,,,,
"verb",,,"attack","ionsaigh",,"angripe",,,,,,,,,,,,,,,,
"noun",,,"authority","udarás(m)",,"myndighet",,"autorität(f)","gezag, macht",,,,,,,,,,,,,
"adjective",,,"available","ar fáil",,,"tillgänglig","verfugbar, gültig",,,,"tavattivissa",,,,,,,,,,
"adjective",,,"average","cothrom, meánach",,,,,,"przecięntny",,,,,,,,,,,,
"noun",,,"average","meán",,,,,,,,,,,,,,,,,,
"verb",,,"avoid",,,,,,,,,"väistää",,,,,,,,,,
"adjective","root",,"bad","olc",,,,,,,,,,,,,,,,,,
"adjective",,,"bad","dona, olc",,,"dålig, svår","Schlect",,"zły",,"huono",,,,,"Mau","muu",,,,
"noun",,"music","bagpipe","píb, píb mhála",,"sekkepipe",,"dudelsack(m)",,,,,,,,,,,,,,
"verb",,,"bake",,,,"baka","backen",,,,"paistaa",,,,,,,,,,
"noun",,,"bakery",,,,"bagarstuga","bäckerei(f)",,,,"leipomo",,,,,,,,,,
"noun",,,"balance, scales","meá",,,,"waage(f)",,,,,,,,,,,,,,
"noun",,"social","ball","damhsa",,,,,,,,,,,,,,,,,,
"noun",,"sphere","ball","liathróid, sliotar",,"ball",,"ball(m), kugel(f)",,,,,,,,,,,,,,
"noun",,"earth","bank","port, bruach",,,,,,,,,,,,,,,,,,
"noun",,"financial","bank","banc",,"bank",,"bank(f)",,"bank",,"pankki",,,,,,"bank",,,,
"noun",,"river","bank","banc",,,,"ufer(n)",,,,,,,,,,,,,,
"noun",,"drinking","bar",,,,,,,,,"baari",,,,,,,,,,
"noun",,,"barbed wire","sreang dhealgach",,,,,,,,,,,,,,,,,,
"adjective",,,"barefooted",,,,,"barfuss","barrevoets",,,,,"nudis pedibus","scalzo",,,,,,,
"noun",,"agricultural","barn","scioból",,"låve",,"scheune(f)","schuur",,,,,"horreum","granaio",,,,,,,
"noun",,"hygiene","bath","folcadán(m)",,,,"bad(n)",,,,,,,,,"Banho",,,,,
"noun",,"electrical","battery",,,,,,,,,,,,,,,,,,,
"imperative",,,"be silent","bí i do thost",,,,,,,,,,,,,,,,,,
"noun",,,"beach","trá",,,"strand","strand(m)",,,,,,,,,,,,,,
"conjunction",,,"because","mar, toisc",,,"därför att, emedan","weil, wegen",,,,,,,,,,,,,,
"noun",,,"bed","leaba(f),gs:leapa,pl:leapacha",,,"säng, bädd","bett(n)",,"łożko",,"sänky",,,,,"Cama",,,,,
"noun",,,"bedroom",,,,,,,"sypialnia",,"makuuhuone",,,,,,,,,,
"noun",,,"bee","beach(f)",,,,"biene(f)",,,,,,,,,,,,,,
"noun",,,"beehive",,,,,,,,,,,,,,,,,,,
"noun",,,"beehive hut",,,,,,,,,,,,,,,,,,,
"noun",,,"beer","leann(m3); pl ~ta",,,"öl","bier(n)",,"piwo",,"olut, kalja",,,,,"Cerveja","piv",,,,
"conjunction",,,"before","sula, roimh",,,,,"voor",,,,,,,,,,,,,
"preposition",,,"before","sula, roimh",,"før, foran",,"vor",,"przed",,,,,,,,,,,,
"noun",,,"beginner","núíosach, tionscnóir, tosaitheoir",,,,"anfänger(m)",,,,,,,,,,,,,,
"noun",,,"beginner",,,,"nybörjare","anfänger(m)",,,,"aloittelija, vasta-alkaja",,,,,,,,,,
"noun",,,"beginning","tosú",,,,,,,,,,,,,,,,,,
"preposition",,,"behind",,,,,,,"za",,"takana",,,,,,,,,,
"noun",,"music","bell, clock","clog",,"klokke",,"glocke(f)",,,,,,,,,,,,,,
"noun",,,"bellringer",,,,,"glöckner(m)",,,,,,,,,,,,,,
"preposition",,,"below",,,,,,,"pod",,,,,,,,,,,,
"noun",,,"benefit, welfare","leas",,,,,,,,,,,,,,,,,,
"comparative",,,"best",,,,"bäst","best",,,,"paras",,,,,,,,,,
"adjective","comparative",,"better","fearr",,,"bättre","besser",,,,"parempi, paremmin",,,,,,,,,,
"preposition",,,"between","idir",,,,,,,,,,,,,,,,,,
"noun",,,"bicycle","rothar(m)",,"sykkel",,"fahrrad(n)","fiets",,,,,,,,,,,,,
"adjective",,,"big",,,,"stor","gross",,,,"iso",,,,,,,,,,
"adjective","root",,"big","mór",,"stor",,"gross","groot",,,,,,,,,,,,,
"adjective","comparative",,"bigger","mó",,,,,,,,,,,,,,,,,,
"noun",,,"birthday","lá breithe",,,"födelsedag","geburtstag(m)",,,,,,,,,,,,,,
"noun",,"household","bleach",,,"bleike",,,"bleken",,,,,,,,,,,,,
"noun",,,"blister","clog",,,,"blase(f)",,,,,,,,,,,,,,
"verb",,,"blister","clog",,,,,,,,,,,,,,,,,,
"adjective",,,"blunt","maol",,,,"stumpf, plump","bot, lomp, dom",,,,,,,,,,,,,
"noun",,,"boast","maíomh",,"skryt",,"prahlerei(f), stolz(m)","pocherij",,,,,,,,,,,,,
"noun",,,"boat",,,,,,,,,"vene",,,,,,,,,,
"verb",,,"boil","fiuch",,,"koka","Sieden, kochen",,,,,,,,,,,,,,
"noun",,"door","bolt",,,,,,,,,,,,,,,,,,,
"verb",,"door","bolt",,,,,,,,,,,,,,,,,,,
"noun",,,"book","leabhar(m)",,"bok","bok","buch(n)","boek",,,"kirja",,,,,,,,,,
"noun",,"furniture","bookcase","leabhragán",,"bokreol",,,,,,,,,,,,,,,,
"noun",,"furniture","bookshelf",,,"bokhylle",,"bücherregal(n)",,,,,,,,,,,,,,
"noun",,,"bookshop",,,,,,,,,"kirjakauppa",,,,,,,,,,
"noun",,,"border",,,,,,,,,"raja",,,,,,,,,,
"conjunction",,,"both",,,"begge","båda, bägge","beide, beides","beide",,,"molemmat",,,,,,,,,,
"noun",,,"bottle","buidéal",,,"flaska","flasche(f)",,,,,,,,,,,,,,
"noun",,"vessel","bowl","cuach",,,,"schale(f)","schaal, kom",,,,,,,,,,,,,
"verb",,,"brag","maígh",,"skryte",,,"pochen",,,,,,,,,,,,,
"noun",,,"brake",,,,,"bremse","rem",,,,,,,,,,,,,
"noun",,,"bread",,,,"bröd","brot(n)",,,,"leipä",,,,,,"talkh",,,,
"verb",,,"break","bris",,"brytte",,"brechen","breken",,,,,,,,,,,,,
"noun",,"building","brick","bríce",,,,"Ziegel(m), backstein(m)","baksteen(m)","cegła",,,,,"mattone(m)",,,,,,,
"noun",,,"bridge","droichead",,,"bro","brücke(f)",,,,,,,,,"Ponte","güür",,,,
"verb",,,"bring",,,,"föra","bringen",,,,"tuoda",,,,,"Traga",,,,,
"adjective",,,"broken","briste",,"avbrutt?",,"kaput",,,,"rikki",,,,,,,,,,
"noun",,,"brood","ál",,"yngel",,"brut","broedsel",,,,,,,,,,,,,
"noun",,"food","broth","brat",,,,"fleischbrühe","bouillon(m)",,,,,,,,,,,,,
"adjective",,,"brown","donn",,"brun",,,,,,"ruskea",,,,,,,,,,
"noun",,,"building",,,,"byggnad","bauwesen(n), gebäude(n)",,,,"rakennus, talo",,,,,,,,,,
"noun",,,"bundle","cuach",,"bunt, bylt",,"bund(n), búndel(n)",,,,,,,,,,,,,,
"noun",,"medical","burn","dó",,,,,,,,,,,,,,,,,,
"verb",,,"burn, sear, scorch","dóigh",,,,,,,,,,,,,,,,,,
"noun",,,"business","gnó",,,,,,,,,,,,,,,,,,
"conjunction",,,"but","ach",,"men","men","aber, sondern",,,,"mutta",,,,,,,,,,
"noun",,,"Butter","Ím",,,,,,,,,,,,,"Manteiga",,,,,
"noun",,"Anatomy","buttock","más(m),pl:~a",,,,,,,,,,,,,,,,,,
"adjective",,,"buxom","sodóg",,,,"drall",,,,,,,,,,,,,,
"verb",,,"buy",,,,"köp","kaufen",,,,"ostaa",,,,,,,,,,
"preposition",,"authorship","by","le",,,,,,,,,,,,,,,,,,
"noun",,,"cake","císte",,,"kaka, sockerkaka, bakelse","kuchen(m)",,,,,,,,,,,,,,
"noun",,,"call","glaoch",,"rop",,,,,,,,,,,,,,,,
"verb",,,"call","glaoigh",,"kalle",,,,,,"soittaa",,,,,,,,,,
"adjective",,,"calm",,,,,,,,,"tyyni",,,,,,,,,,
"verb",,"past","came","tháinig",,,,,,,,,,,,,,,,,,
"adjective",,,"camp","piteogach",,,,,,,,,,,,,,,,,,
"noun",,,"camp","campa, longfort",,,,"lager(n)","legerplaats(v)","obóz",,,,,,,,,,,,
"noun",,,"Camp",,,,,,,,,,,,,,"Acampamento",,,,,
"verb",,,"camp","campáil",,,,"sich lagern","legeren","obozować",,,,,,,,,,,,
"verb",,"to be able to","can",,,,,,,,,"voida",,,,,,,,,,
"verb",,,"cancel","cealaigh",,,,"durchstreichen, widerrufen",,"znosić",,,,,,,,,,,,
"noun",,,"candle","coinneal",,,"ljus, stearinljus","kerze(f)",,,,"kynttilä",,,,,,,,,,
"noun",,,"cap","caipín",,,,,,,,,,,,,,,,,,
"noun",,,"capability","cumas",,,,,,,,,,,,,,,,,,
"adjective",,,"capable","cumasach",,,"duglig, skicklig","fähig, imstande, tüchtig",,,,,,,,,,,,,,
"adjective",,"letter","capital",,,,,,,,,,,,,,,,,,,
"noun",,"letter","capital",,,,,,,,,,,,,,,,,,,
"noun",,"transport","car","carr",,"bil","Bil","wagen","kar/wagen",,,,,,,,,,,,,
"noun",,,"card","cárta",,"kort",,,,,,"kortti",,,,,,,,,,
"noun",,,"cardboard","cairtchlár",,"kartong",,,,,,,,,,,,,,,,
"adjective",,,"careful",,,,"forsiktig","vorsichtig",,,,,,,,,,,,,,
"noun",,,"carousing",,,"svir",,,,,,,,,,,,,,,,
"verb",,,"carry",,,,,,,,,"kantaa",,,,,,,,,,
"adjective",,,"casual","neamhthuairimeach, neamhfhoirmiúil",,,,,,,,,,,,,,,,,,
"verb,past",,,"caught","rug",,,,,,,,,,,,,,,,,,
"verb",,,"cause","ábhar, cúis, fáth",,,,,,,,,,,,,,,,,,
"noun",,"dental","cavity","poll?",,,,,,,,,,,,,,,,,,
"noun",,"house","ceiling","síleáil",,"loft",,"decke(f)",,,,,,,,,,,,,,
"noun",,"building","cement","stroighin, siumint",,,,"zement(m)","cement",,,,,"ferrumen","cemento",,,,,,,
"noun",,,"central heating","téamh lárnach?",,,,,,,,,,,,,,,,,,
"adjective",,,"certain",,,,"säker","gewiss, bestimmt",,,,"varma, eräs",,,,,,,,,,
"adverb",,,"certainly","cinnte",,,,,,,,"varmaan",,,,,,,,,,
"noun",,,"certainty, certain quantity, allocation","airithe",,,,,,,,,,,,,,,,,,
"noun",,"engineering","chain","slabhra",,"kjede, lenke",,,,,,,,,,,,,,,,
"noun",,,"chain","slabhra",,,,,,,,,,,,,,,,,,
"noun",,"academic","chair","ollúnacht",,,,,,,,,,,,,,,,,,
"noun",,"furniture","chair","cathaoir",,"stol(c)","stol","stuhl(m)",,,,,,,,,,,,,,
"noun",,,"challenge","dúshlán",,,,"aufforderung","uitdaging",,,,,,,,,,,,,
"verb",,,"challenge","dúshlán duine a thabhairt",,,,,,,,,,,,,,,,,,
"noun",,"money","change",,,,,,,,,,,,,,,,,,,
"noun",,,"change","athrú(m4)",,,,,,,,,,,,,,,,,,
"verb",,,"change",,,,,,,,,"vaihtaa",,,,,,,,,,
"adjective",,,"Cheap",,,,,,,,,"halpa, edullinen",,,,,"Barato",,,,,
"noun",,,"child","leanbh",,"barn","barn","kind",,,,,,,,,,,,,,
"adjective",,,"childlike","leanbaí",,,,,,,,,,,,,,,,,,
"noun",,,"children","clann",,,,"kinder",,,,,,,,,,,,,,
"noun",,,"Church","Eaglais, cill",,,,,,,,,,,,,"Igreja","süm",,,,
"noun",,,"cider",,,,,"apfelwein",,,,,,,,,,,,,,
"noun",,,"City","Cathair",,,"stad","stadt(f)",,,,"kaupunki",,,,,"Cidade",,,,,
"adjective",,,"Clean","Glan",,,"ren","rein, sauber",,,,,,,,,"Limpo",,,,,
"adjective",,,"Clever","Cliste",,,"duktig, skicklig","klug, geschickt, gestreich",,,,,,,,,,,,,,
"verb",,,"climb","dreap",,,,,,,,,,,,,,,,,,
"verb",,,"cling {to}","ceangail {de}",,"henge sammen",,,,,,,,,,,,,,,,
"noun",,"clothing","cloak","brat",,"kappe, kåpe",,"mantel(m)",,,,,,,,,,,,,,
"noun",,"clothing","clog","bróg adhmaid, paitín",,,,,,,,,,,,,,,,,,
"verb",,,"clog","calc, tacht, caoch",,,,,,,,,,,,,,,,,,
"verb",,,"close",,,,"stänga, sluta","schliessen",,,,"läheinen",,,,,,,,,,
"adjective",,,"closed",,,,"sluten","verschlossen",,,,"kiinni, suljettu",,,,,,"khaalttai",,,,
"noun",,,"co-operation, coöperation","comhoibrú",,,,,,,,,,,,,,,,,,
"noun",,"furniture","coathanger",,,,,,,,,,,,,,,,,,,
"noun",,,"coin","bonn",,,,,,,,,,,,,,,,,,
"adjective",,,"Cold","Fuar",,,"kall","kalt",,,,"kylmä",,,,,"Frio",,,,,"le3ng"
"noun",,"medical","Cold",,,,,,,,,"nuha",,,,,,,,,,
"noun",,,"colleague",,,,,,,,,,,,,,,,,,,
"verb",,"present","come","tagann",,,,,,,,,,,,,,,,,,
"adjective",,,"comfortable","compordach",,,"angenäm, bekväm, behaglig","behaglich, behäbig",,,,,,,,,,,,,,
"noun",,,"committee",,,,,,,,,,,,,,,,,,,
"noun",,,"company, team","foireann",,,,"gesellschaft(f)",,,,,,,,,,,,,,
"adjective",,,"complete","críochnaithe, déanta",,,"fullständig","vollständig","volledig",,,,,,,,,,,,,
"verb",,,"complete","críochnaigh",,"fullende",,"vollenden","voltooien",,,,,,,,,,,,,
"adjective",,,"complimentary","moltach",,,,,,,,,,,,,,,,,,
"noun",,,"compulsion","éigean",,"tvang",,,,,,,,,,,,,,,,
"noun",,"computer","computer","riomhaire",,,,,,,,,,,,,,,,,,
"noun",,"building","concrete","coincréit",,,,"beton, steinmörtel",,,,,,,"calcestruzzo",,,,,,,
"noun",,,"conditional tense","módh coinníollach",,,,,,,,,,,,,,,,,,
"noun",,"sureness","confidence","muinín",,,,"vertrauen(n), zuversicht(f)",,"zaufanie",,,,,,,,,,,,
"noun",,,"confidence","dánacht",,"tillit",,,"vertrouwen",,,,,,,,,,,,,
"noun",,"electrical","connection","nascóir",,,,,,,,,,,,,,,,,,
"noun",,,"conscience","coinsias",,"samvittighet",,,"geweten",,,,,,,,,,,,,
"noun",,,"consent","deoin",,"samtykke",,,"inwilliging",,,,,,,,,,,,,
"verb",,,"consent","deonaigh",,"samtykke",,,"toestemmen",,,,,,,,,,,,,
"noun",,"personal","contact","teagmhálaí",,,,,,,,,,,,,,,,,,"guan1xi"
"verb",,"intransitive","continue",,,,"fortsätta","verbleiben",,,,,,,,,,,,,,
"verb",,"transitive","continue",,,,,"fortsetzen",,,,,,,,,,,,,,
"noun",,,"contract","conradh",,,,,,,,,,,,,,,,,,
"noun",,,"Control",,,,"styr",,,,,,,,,,,,,,,
"adjective",,,"cooked",,,,,,,,,,,,,,,,,,,
"adjective",,"temperature","cool","fionnuar",,,"sval","kühl, ruhig, frech",,,,"viileä",,,,,,,,,,"lia2ng"
"verb",,,"correct","ceartaigh",,,,,"verbeteren","korygować",,,,,,,,,,,,
"noun",,,"correction","ceartú, ceartúchán",,,,,"verbetering, terechtwijzing",,,,,,,,,,,,,
"noun",,,"courage","misneach",,"mot",,,"moed",,,,,,,,,,,,,
"noun",,,"cover, lid","clúdach",,,,,,,,,,,,,,,,,,
"noun",,"dental","crown","coróin",,,,,,,,,,,,,,,,,,
"adjective",,,"cruel","cruálach",,"grusom",,,,,,,,,,,,,,,,
"verb",,,"cry","caoin, goil, gáir",,"gråte","skri","weinen, schreien","schreeuwen, huilen",,,,,,,,,,,,,
"adjective",,,"cultural","cultúrtha",,,,,,,,,,,,,,,,,,
"adjective",,,"cultured","cultúrtha",,"dannet",,,,,,,,,,,,,,,,
"noun",,,"Cup",,,,"kopp","tasse(f)?",,,,,,,,,"Chicara",,,,,
"noun",,,"cupboard",,,,"skåp","schrank(m)",,,,"kaappi",,,,,,,,,,
"noun",,"house","cushion","cúisín, adhartán",,"pute",,"kissen(n)",,,,,,,,,,,,,,
"noun",,,"custom","gnáthamh, nós",,"sedvane, skikk",,,,,,,,,,,,,,,,
"adjective",,,"cute",,,,,,,,,"söpö",,,,,,,,,,
"verb",,,"dance",,,,"dansa","tanzen",,,,"tanssia",,,,,,,,,,
"adjective",,,"dark",,,,"mörk","dunkel",,,,"tumma",,,,,,,,,,
"noun",,"endearment","darling","cuach",,"skatt, elskling, yndling",,"liebling(m)","lieveling(m)",,,,,"voluptas","tesoro",,,,,,,
"verb",,,"deceive","meall",,"bedra",,,"bedriegen",,,,,,,,,,,,,
"adjective",,,"deep","doimhin",,"dyp","djup","tief","diep",,,,,,,,,,,,,
"adverb",,,"deliberately",,,,,,,,,,,,,,,,,,,
"verb",,,"demand?","iarradh",,,,,,,,,,,,,,,,,,
"noun",,,"deodorant","díbholaíoch",,,"deodorant",,,,,,,,,,,,,,,
"noun",,,"deodorant","díbholaíoch",,,,,,,,,,,,,,,,,,
"verb",,,"depart",,,,,,,,,"lähteä",,,,,,,,,,
"noun",,"travel","departure","imeacht",,,,"abfahrt(f)",,"odjazd, rozstanie, odchylenie",,,,,,,,,,,,
"noun",,,"description","tuarascáil",,,,"beschreibung(f)","beschrijving(f)",,,,,,,,,,,,,
"noun",,"furniture","desk","deasc",,"pult",,"schreibtisch(m)",,,,,,,,,,,,,,
"noun",,"office","desk","deasc",,"pult","skrivbord","pult","lessenaar",,,,,,,,,,,,,
"noun",,,"detail","sonra?",,,,,,,,,,,,,,,,,,
"noun",,,"detail","mionsonraí",,,,"einzelheit(f)","bijzonderheid(f), detail",,,,,,,,,,,,,
"noun",,,"development","forás",,,,,,,,,,,"sviluppo",,,,,,,
"noun",,"transport","diesel",,,,"diesel","diesel",,,,,,,,,,,,,,
"noun",,,"difference","difríocht",,"forskjell",,,,,,,,,,,,,,,,
"adjective",,,"different","difriúil, éagsúil",,"annerledes","olika","verschieden",,,,,,,,,,,,,,
"adjective",,,"difficult","deacar",,"vanskelig",,,,,,,,,,,,,,,,
"verb",,,"dig","tochail",,,,,"graven","kopać",,,,"fodere","scavare, vangare",,,,,,,
"adjective",,,"dirty","salach",,,"smutsig, snuskig","schmutzig","vuil, smerig",,,,,,,,,,,,,
"noun",,"computer","disc",,,,,,,,,,,,,,,,,,,
"noun",,,"discipline","smacht",,"tukt",,,,,,,,,,,,,,,,
"noun",,,"diseart?",,,,,,,,,,,,,,,,,,,
"verb",,,"dissolve","tuaslaig",,,,,,,,,,,,,,,,,,
"adjective",,,"divine","diagaire",,"guddommelige",,,,,,,,,,,,,,,,
"adjective",,,"divorced",,,,,,,,,,,,,,,,,,,
"verb",,"present","do","déanann",,,,,,,,,,,,,,,,,,
"noun",,"medical","doctor",,,,,,,,,"lääkäri",,,,,,,,,,
"noun",,"title","doctor",,,,,,,,,"tohtori",,,,,,,,,,
"verb",,"past","done","rinne",,,,,,,,,,,,,,,,,,
"noun",,,"door","doras",,,"dörr","tür(f)",,,,"ovi",,,,,,,,,,
"unknown",,,"down","anuas",,,"ner, nedåt","nieder",,,,,,,,,,"dooshoo",,,,
"noun",,"plumbing","drain-pipe","gáitéar",,,,,,,,,,,,,,,,,,
"noun",,"plumbing","drain(s)","draein",,,,,,,,,,,,,,,,,,
"noun",,"graphics","drawing","líníocht",,,,,"tekening",,,,,,,,,,,,,
"noun",,,"dream","brionglóid",,,,,,,,,,,,,,,,,,
"noun",,"clothing","dress","gúna",,,,"kleid(n)?",,,,,,,,,,,,,,
"adjective",,,"drunk, intoxicated","ar meisce",,,,"betrunken","dronken",,,,,,,,,,,,,
"noun",,,"drunkenness, intoxication","meisce",,"drikkfeldighet",,"trunkenheit(f)","dronkenschap",,,,,,,,,,,,,
"adjective",,,"during","ar feadh",,,,,,,,,,,,,,,,,,
"noun",,"bed","duvet",,,,,,,,,,,,,,,,,,,
"verb","verbal noun",,"dwelling","cónaí # i mo cónaí",,"bolig",,,,,,,,,,,,,,,,
"adjective",,,"early","moch,luach",,,,,,,,"aikainen, aikaisin",,,,,,,,,,
"adverb",,,"early","luath",,,,,,,,"aikainen, aikaisin",,,,,,,,,,
"noun",,"electrical","earth, ground","talamh",,,,,,,,,,,,,,,,,,
"verb",,"electrical","earth, ground","talmhaigh",,,,,,,,,,,,,,,,,,
"adjective","comparative",,"easier","fusa",,,,,,,,,,,,,,,,,,
"adjective",,,"east","thoir",,"øst",,"osten",,,,,,,,,,,,,,
"adverb",,,"east","soir",,"østlig",,"osten",,,,,,,,,,,,,,
"adjective",,,"easy","éasca,furasta",,,,,,,,,,,,,,,,,,
"adjective","root",,"easy","furasta",,"lett, makelig, behagelig",,,"gemakkelijk",,,,,"facilis","facile",,,,,,,
"verb",,,"eat",,,,,,,,,"syöda",,,,,,,,,,
"noun",,"animal","eel",,,"ål","ål","aal","aal, paling",,,,,,,,,,,,,
"noun",,"fish","eel","eascann",,"ål",,"aal(m)","aal, paling",,,,,,,,,,,,,
"pronoun",,,"either","ceachtar",,,,,"ieder",,,,,,,,,,,,,
"noun",,,"electric fence",,,,,,,,,,,,,,,,,,,
"adjective",,,"electrical","leictreach",,,,,,,,,,,,,,,,,,
"adjective",,,"electronic","leictreonach",,,,,,,,,,,,,,,,,,
"noun",,,"employee","fostaí",,,,,,,,,,,,,,,,,,
"noun",,,"employer","fostóir",,,,,,,,,,,,,,,,,,
"adjective",,,"empty","folamh, dealbh",,"tom, tømme","tom, ledig","leer",,,,,,,,,,,,,,
"noun",,,"enactment","acht",,,,,,,,,,,,,,,,,,
"adjective",,,"engaged",,,,,,,,,,,,,,,,,,,
"noun",,"transport","engine",,,,,,,,,,,,,,,,,,,
"verb",,,"enjoy",,,,"njuta","geniessen",,,,"nauttia",,,,,,,,,,
"noun",,,"enjoyment","taitneamh",,"nytelse",,,,,,,,,,,,,,,,
"verb",,,"escape","éalaigh",,,,,,,,,,,,,,,,,,
"adverb",,,"especially","mór mhór",,,"speciellt","besonders",,,,,,,,,,,,,,
"noun",,,"essay","aiste",,,,,,,,,,,,,,,,,,
"noun",,,"estimation","meas",,,,,,,,,,,,,,,,,,
"adjective",,,"ethical","eiticeach",,,,,"ethisch",,,,,,,,,,,,,
"adverb",,,"even","tar éis",,"endog",,,,,,,,,,,,,,,,
"noun",,,"event","eachtra",,"begivenhet, tilfelle",,"ereignis","gebeurtenis",,,,,,,,,,,,,
"phrase",,,"every other",,,,,,,,,,,,,,,,,,,
"adjective",,,"exact",,,,"exakt, precis",,,,,,,,,,,,,,,
"adverb",,,"exactly",,,,,,,,,"aivan",,,,,,,,,,
"conjunction",,,"except","seachas",,,,"ausser",,,,,,,,,,,,,,
"phrase",,,"except for","ach amháin",,,,,,,,,,,,,,,,,,
"phrase",,,"except for, apart from",,,"uten",,,,"chyba że",,,,,,,,,,,,
"noun",,,"excess","iomarca",,"utskeielse",,,,,,,,,,,,,,,,
"phrase",,,"excuse me","gabh mo leithscéal",,,,"entschuldige mich",,,,,,,,,,,,"sumimasen",,"qing3-wen4"
"adjective",,,"expensive",,,,,,,,,"kallis",,,,,,,,,,
"verb",,,"explain","mínigh",,,,,,,,,,,,,,,,,,
"noun",,,"facilities","áiseanna",,,,,,,,,,,,,,,,,,
"verb",,,"fail","teip",,,,,,,,,,,,,,,,,,
"adjective",,,"failed",,,,,,,,,,,,,,,,,,,
"noun",,,"failure","teip, cliseadh, meath",,,,,,,,,,,,,,,,,,
"adjective",,,"fairly","cuíosach",,,,,,,,,,,,,,,,,,
"adjective",,,"fake, pretend, imitation",,,,,,,,,,,,,,,,,,,
"noun",,,"family","muirear",,,,"familie(f)",,,,"perhe",,,,,,,,,,
"adjective",,,"famous","cháiliúil",,,,,,,,,,,,,,,,,,
"noun",,,"father","athair",,"far",,"vater","vader",,,"isä",,,,,,"aav",,,,
"adjective",,,"favourite",,,,,,,,,,,,,,,,,,,
"noun",,,"favourite","is fearr",,"favoritt",,,"gunsteling",,,,,,,,,,,,,
"noun",,,"fear",,,,,,"vrees",,,,,,,,,,,,,
"verb",,,"fear",,,,,,"vrezen",,,,,,,,,,,,,
"noun",,"enclosure","fence","pionsa",,"hegn",,"zaun(m)",,"płot",,,,,,,,,,,,
"verb",,"enclose","fence","fálaigh",,"innhegne",,"umzäunen",,,,,,,,,,,,,,
"noun",,"sport","fencing","claíochán, claítheoireacht",,,,"fechtkunst?",,,,,,,,,,,,,,
"verb",,"medical","fester","ábhrú",,,,"schwären",,,,,,,,,,,,,,
"noun",,,"festival","féile",,,,,,,,,,,,,,,,,,
"adjective",,,"few","beag, tearc",,"få",,"wenig","weining","mało, kilka",,,,"pauci","pochi, pochie",,,,,,,
"noun",,,"fib","caimseog",,,,,,,,,,,,,,,,,,
"adjective",,,"fierce","fíochmhar",,,,"wild",,,,,,,,,,,,,,
"noun",,"dental","filling","táthán",,,,,,,,,,,,,,,,,,
"adjective","root","good","fine","breá",,"god, snill",,,,,,,,,,,,,,,,
"adjective","comparative","better","finer","breátha",,,,,,,,,,,,,,,,,,
"verb",,,"finish",,,,,"be-endigen, aufhören",,,,"lopettaa, loppua",,,,,,,,,,
"adjective",,,"finished, completed","déanta, reidh, críochnaithe",,,,"fertig",,,,,,,,,,,,,,
"noun",,,"fire","tine",,,,"feuer(n), brand(m)",,,,"tuli",,,,,,,,,,
"adjective",,,"fit","feiliúnach",,,,,,,,,,,,,,,,,,
"adjective",,"music","flat","maol",,,,,,,,,,,,,,,,,,
"noun",,,"flexi-time","uaireanta solúbtha",,,,,,,,,,,,,,,,,,
"noun",,,"flirt","cliúsaí",,"kokette, kurtisør",,"kokette(f), gefallsüchtiges Mädchen","flirt(m), coquette(f)",,,,,,,,,,,,,
"verb",,,"flirt",,,"kaste, slenger",,"kokettieren, flirten","flirten","flirtować, machać",,,,,,,,,,,,
"verbal adjective",,,"flirting","ag súgradh, ag spallaíocht, ag radaireacht",,,,,,,,,,,,,,,,,,
"noun",,"weather","flood","toileadh",,"flom","flod","flut(f), überschwemmung(f)","vloed",,,,,,,,,,,,,
"noun",,"house","floor","urlár",,"golv",,"boden(m), fussboden(m)",,,,,,,,,,,,,,
"noun",,,"flower","bláth",,,,"blume(f)",,,,"kukka",,,,,,,,,,
"noun",,,"fluency","líofacht, éascaíocht",,"letthet, taleferdighet","ledighet",,,,,,,,,,,,,,,
"noun",,"insect","fly","cuil, cuileog",,,,"fliege(f)",,"mucha, klapka",,,,,,,,,,,,
"verb",,"travel","fly","eitil",,,,"fliegen",,"latać",,,,,,,,,,,,
"noun",,,"fog","ceo",,"tåke",,"nebel(m)",,,,,,,,,,,,,,
"verb",,,"follow","lean",,,,"folgen",,,,,,,,,,,,,,
"adjective",,,"fond","geallmhar",,,,"zärtlich, liebevoll",,,,,,,,,,,,,,
"noun",,,"food","bia",,,,,,,,"ruoka",,,,,,,,,,
"noun",,"measure","foot","troigh",,,,,,,,,,,,,,,,,,
"preposition?",,,"for","faoi choinne",,,,,,,,,,,,,,,,,,
"phrase",,,"for a cup of tea","le haghaidh cupán tae",,,,,,,,,,,,,,,,,,
"adjective",,,"foreign","eachtrannach",,,,,,,,,,,,,,,,,,
"verb",,,"forget","dearmad",,"glemmer",,"vergessen",,,,"unohtaa",,,,,,,,,,
"noun",,"dining","fork","gabhlóg",,"gaffel",,"gabel(f)",,,,,,,,,,,,,,
"noun",,"transport","forklift",,,,"gaffeltruck",,,,,,,,,,,,,,,
"adjective",,,"formal","foirmiúil",,,,,,,,,,,,,,,,,,
"noun",,,"fountain",,,"kilde, fontene","fontän",,"fontein",,,,,,,,,,,,,
"noun",,"load","freight","lasta",,"last",,,,,,,,,,,,,,,,
"noun",,,"frenchman","francach",,,,,,,,"ranskalainen",,,,,,,,,,
"adjective",,,"fried",,,,,,,,,,,,,,,,,,,
"noun",,,"friend","cara",,,,"freund(m), freundin(f)",,,,"ystävä, kaveri",,,,,,"naiz",,,,
"adjective",,,"friendly",,,,,,,,,"ystävällinen",,,,,,,,,,
"verb",,,"frighten","scanraigh",,"skremme",,,,,,,,,,,,,,,,
"preposition",,,"from","as",,,,,,"od, z, przed, że",,"-ssa/-ssä",,,,,,,,,,
"preposition",,,"from","ó, as",,"fra",,"von/aus","van",,,,,,,,,,,"kara",,
"preposition","definite",,"from the","den # + seimhiú",,,,,,,,,,,,,,,,,,
"noun",,,"frown","gruig",,,,,,,,,,,,,,,,,,
"noun",,,"fruit",,,,,"frucht(f), obst(n)",,,,"hedelmä",,,,,,"jims",,,,
"verb",,,"fry",,,,,,,,,,,,,,,,,,,
"noun",,,"frying pan",,,,,,,,,,,,,,,,,,,
"adjective",,,"full {of}","lán, iomlán",,"full",,"voll, besetzt",,,,,,,,,,,,,,
"adjective",,,"full-time","lánaimseartha",,,,,,,,,,,,,,,,,,
"adjective",,,"funny","greannmhar",,,,,,,,,,,,,,,,,,
"noun",,,"furniture",,,,,,,,,,,,,,,,,,,
"noun",,"mood","fury","fraoch",,,,,,,,,,,,,,,,,,
"noun",,"electrical","fuse","fiús",,,,,,"zapalnik",,,,,,,,,,,,
"noun",,,"gasp","snag",,,,,,,,,,,,,,,,,,
"adjective",,,"gathered","cruinnithe",,,,,,,,,,,,,,,,,,
"verb",,"past","gave","thug",,,,,,,,,,,,,,,,,,
"verb,past",,,"gave","thug",,,,,,,,,,,,,,,,,,
"noun",,"transport","gearbox",,,,,,,,,,,,,,,,,,,
"adverb",,,"generally",,,,,,,,,"yleensä",,,,,,,,,,
"phrase",,,"getting acquainted","cur in aithne",,,,,,,,,,,,,,,,,,
"adjective",,,"giddy, wild","fiáin",,"yr",,,,,,,,,,,,,,,,
"noun",,,"girl","cailleach, girseach",,,,"mädchen(n)",,,,"tyttö",,,,,,,,,,
"verb",,"present","give","tugann",,,,"schenken, geben",,,,,,,,,,,,,,
"noun",,,"glory","glóir",,"heder, glans",,,,,,,,,,,,,,,,
"verb",,"present","go","téann",,,,,,,,,,,,,,,,,,
"adjective",,,"good","maith",,,,"gut",,,,"hyvää",,,,,,"sain",,,,
"adjective","root",,"good","maith",,"god, snil",,,,,,,,,,,,,,,,
"phrase",,,"good enough","cuiosach maith, cuibheasach maith",,,,,,,,,,,,,,,,,,
"noun",,"plant","gorse","aiteann",,,,,,,,,,,,,,,,,,
"verb,past",,,"got","fuair",,,,,,,,,,,,,,,,,,
"noun",,,"government","rialtas",,,,,,,,,,,,,,,,,,
"noun",,"plant","grass","féar",,,,,,,,,,,,,,,,,,
"noun",,"road surface","gravel","gairbhéal, grean",,,,"kies(m)",,,,,,,,,,,,,,
"noun",,"food","gravy","súlach",,,,"fleischsaft(m), tunke(f)",,,,,,,,,,,,,,
"noun",,,"greed","saint",,"grådighet",,"gierigkeit",,,,,,,,,,,,,,
"adjective",,,"greedy","santach",,"grådig",,"gierig","gulzig, gretig",,,,,,,,,,,,,
"noun",,,"greeting","beannacht",,,,"gruss(m), begrüssung(f)","groet(m)","pozdrowienie",,,,,,,,,,,,
"noun",,,"group of people","dream",,,,,,,,,,,,,,,,,,
"verb",,,"grow","fás",,"vokse","växa, öka",,,,,,,,,,,,,,,
"noun",,,"guess",,,,,,,,,,,,,,,,,,,
"verb",,,"guess",,,,,,,,,,,,,,,,,,,
"noun",,"Anatomy","hair","gruaig",,,,"haar(n)",,,,,,,,,,,,,,
"phrase",,,"half past","leath i ndiaidh",,,,,,,,,,,,,,,,,,
"noun",,"tool","hammer","casúr",,,,,,,,,,,,,,,,,,
"noun",,,"handlebar",,,,,,,,,,,,,,,,,,,
"verb",,"past","happened?","dtarlódh",,,,,,,,,,,,,,,,,,
"adjective",,,"happy","séanmhar,sona",,,,,,,,,,,,,,,,,,
"adjective",,,"hard","deacar",,,,,,,,,,,,,,,,,,
"adverb",,,"hard","crua",,,,,,,,,,,,,,,,,,
"noun",,"road surface","hardcore",,,,,,,,,,,,,,,,,,,
"noun",,,"hat","hata",,"hatt",,"hut","hoed",,,,,,,,,,,,,
"noun",,"Anatomy","head",,,,,"kopf(m), haupt(m)",,,,"pää",,,,,,,,,,
"verb",,"present","hear","cloiseann",,,,,,,,,,,,,,,,,,
"verb",,"past","heard","chuala",,,,,,,,,,,,,,,,,,
"noun",,"house","hearth","teallach, tinteán",,"arne(c)",,"herd(m)",,,,,,,,,,,,,,
"noun",,"plant","heather","fraoch",,,,,,,,,,,,,,,,,,
"noun",,"place","heather, moor","fraoch",,,,,,,,,,,,,,,,,,
"noun",,,"heating","téamh",,,,,,,,,,,,,,,,,,
"adjective",,,"heavy","trom",,,,"schwer",,,,,,,,,,,,,,
"noun",,"outdoors","hedge",,,"hekk",,,,,,,,,,,,,,,,
"noun",,,"heifer","bearach, seafaid, bodóg",,,,"färse(f)",,,,,,,,,,,,,,
"noun",,,"herd","sealbhán, tréad, cuingir, slua",,"buskap",,"herde(f)","kudde(f)","trzoda",,,,,,,,,,,,
"verb",,,"herd","aoirigh",,"gjete",,,"herder","iść stadem",,,,,,,,,,,,
"verbal adjective",,,"herding","ag buachailleacht",,,,,,,,,,,,,,,,,,
"preposition",,,"here","anseo",,,,"hier",,,,"tässä",,,,,,,,,,
"noun",,,"hernia","maidhm sheicne",,,,,,,,,,,,,,,,,,
"unknown",,,"hollow","toll",,,,,,,,,,,,,,,,,,
"adjective",,,"holy","naofa",,"hellig",,"heilig","heilig",,,,,,,,,,,,,
"adjective",,,"honest","ionraic",,,,"ehrlich, redlich",,,,,,,,,,,,,,
"noun",,,"hoof","crúb",,,,,,,,,,,,,,,,,,
"noun",,"hope","hope, expectation, mark","dóigh",,,,,,,,,,,,,,,,,,
"adjective",,,"horrible","fuafar, urghránna",,"skrekkelig, forferdelig",,,,,,,,,,,,,,,,
"noun",,"plant","horse-chestnut","cnó capaill",,,,,,,,,,,,,,,,,,
"noun",,,"hose, stocking","osáin, stocaí",,,,,,,,,,,,,,,,,,
"noun",,"plumbing","hosepipe",,,,,,,,,,,,,,,,,,,
"adjective",,,"hospitable","flaithiúil",,,,,,,,,,,,,,,,,,
"adjective",,"temperature","hot","té",,,,"heiss",,,,,,,,,,,,,,"re4"
"adjective","root",,"hot","te",,"het, varm, hissig",,"heiss","heet, varm, vurig",,,,,,,,,,,,,
"adjective","comparative",,"hotter","teo",,,,,,,,,,,,,,,,,,
"noun",,,"house","teach",,,,,,,,"talo",,,,,,,,,,
"noun",,"furniture","houseplant",,,,,"zimmerpflanze(f)",,,,,,,,,,,,,,
"noun","plural",,"houses","tithe",,,,,,,,,,,,,,,,,,
"verb",,,"hover",,,"sveve",,,,,,,,,,,,,,,,
"noun",,"transport","hovercraft","árthach foluaineach",,,,,,,,,,,,,,,,,,
"noun",,"travel","hovercraft","árthach foluaineach",,,"svävare",,,,,,,,,,,,,,,
"phrase",,,"how are things with you?","conas atá cursaí leat?",,,,,,,,,,,,,,,,,,
"phrase",,,"how do you say _a_?","conas atá dearfá _a_?, conas a deir tú _a_?",,,,,,,,,,,,,,,,,,
"verb",,,"howl","glam",,,,,,,,,,,,,,,,,,
"noun",,,"hug","cuach",,,,"umarmung(f)",,,,,,,,,,,,,,
"verb",,,"hug","cuach",,"favne, omfavne",,"umarmen, liebkosen",,,,,,,,,,,,,,
"noun",,,"human race","cine daonna",,,,,,,,,,,,,,,,,,
"adjective",,,"humble","umhal",,"ydmyk",,"demütig, niedrig","ootmoedig",,,,,,,,,,,,,
"noun",,,"husband",,,,,"ehemann(m), mann(m)",,,,"mies, avomies",,,,,,,,,,
"noun",,"building","hut","bothán, púirín, bráca",,"hytte",,"hütte(f)",,,,,,,,,,,,,,
"noun",,,"hygiene","shower",,,,,,,,,,,,,,,,,,
"noun",,,"hyphen","fleiscín",,,,,,,,,,,,,,,,,,
"phrase",,"get the right preposition!","I apologize *that*/*for* ...",,,,,,,,,,,,,,,,,,,
"phrase",,,"I did not have the chance","ní raibh sé d'uain agam",,,,,,,,,,,,,,,,,,
"phrase",,,"i don't know","níl a fhios agam",,,,,,,,,,,,,,,,,,
"phrase",,,"I forgot!","Mo dhearmad!",,,,,,,,,,,,,,,,,,
"phrase",,,"I had the chance","bhí sé d'uain agam",,,,,,,,,,,,,,,,,,
"phrase",,,"I love you","Mo chuach thú",,,,,,,,,,,,,,,,,,
"phrase",,"get the right preposition!","I would like *to* ...",,,,,,,,,,,,,,,,,,,
"phrase",,,"i'm on the back of a pig","táim ar mhun na muice",,,,,,,,,,,,,,,,,,
"phrase",,,"i'm ploughing away","tá cursaí ag treabhadh liom",,,,,,,,,,,,,,,,,,
"phrase",,,"i've no complaints","níl gearánta dom",,,,,,,,,,,,,,,,,,
"adjective",,,"icy",,,,,,,,,"jäinen",,,,,,,,,,
"noun",,,"idioms","nathanna cainte",,,,,,,,,,,,,,,,,,
"phrase",,,"if I could","dá bhfeadfainn ",,,,,,,,,,,,,,,,,,
"phrase",,,"if I had the opportunity","dá mbeadh sé d'uain agam",,,,,,,,,,,,,,,,,,
"verb",,,"ignore","neamhaird a thabhairt (ar rud)",,,,,,"pomijać",,,,,,,,,,,,
"unknown",,,"illness","tinn",,,,,,,,,,,,,,,,,,
"adverb",,"time","immediately",,,"straks",,,,,,,,,,,,,,,,
"adverb",,,"immediately","láithreach, díreach",,,,,,,,,,,,,,,,,,
"adjective",,,"important","tábhachtach",,"viktig","viktig","wichtig, bedeutend",,,,,,,,,,,,,,
"phrase",,,"in a while","i gceann tamaill",,,,,,,,,,,,,,,,,,
"phrase",,,"in accordance with","de réir",,,,,,,,,,,,,,,,,,
"preposition?",,,"in case",,,"dersom",,,,,,,,,,,,,,,,
"phrase",,"secrecy","in confidence","rúndiamhair",,,,,,,,,,,,,,,,,,
"preposition",,,"in front of, opposite","os coinne",,,,,,,,"edessä",,,,,,,,,,
"adjective",,,"in sight","ar amharc",,,,,,,,,,,,,,,,,,
"preposition","definite",,"in the","san # + seimhiú",,,,,,,,,,,,,,,,,,
"noun",,"measure","inch","orlach",,,,,,,,,,,,,,,,,,
"unknown",,,"indeed","maise",,,,,,,,,,,,,,,,,,
"adjective",,,"individual","aonair",,,,,,,,,,,,,,,,,,
"noun",,"medical","infection","galrú, ionfhabhtú",,,,,,,,,,,,,,,,,,
"noun",,,"information","eolas",,"beskjed",,"nachricht(f), mitteilung(f), auskunft(f), kenntnis(f)","inlichting",,,,,,,,,,,,,
"noun",,,"injection","instealladh",,,,,,,,,,,,,,,,,,
"adjective",,,"inquisitive","fiosrach",,,,,,,,,,,,,,,,,,
"verb",,,"insert","ionsáigh",,"sette inn, innføye","föra in","einsetzen","invoegen",,,,,,,,,,,,,
"unknown",,,"inside","isteach",,,,"inwendig",,,,,,,,,,,,,,
"adverb",,,"instead","in áit",,"istedenfor","anstatt","dafür, anstatt","in plaats van",,,,,,,,,,,,,
"noun",,,"instructions",,,,,,,,,,,,,,,,,,,
"noun",,"financial","interest",,,,,,,,,,,,,,,,,,,
"noun",,"motivation","interest",,,,,,,,,,,,,,,,,,,
"adjective",,,"interesting",,,,,,,,,"mielenkiintoinen",,,,,,,,,,
"adjective",,,"intoxicating","meisciúil",,,,,,,,,,,,,,,,,,
"adjective",,,"irregular?","neamhfhreagrach",,,,,,,,,,,,,,,,,,
"phrase",,,"it depends on X","seas ar X",,,,,,,,,,,,,,,,,,
"phrase",,,"it is strange that X",,,,,,,,,,,,,,,,,,,
"noun",,"clothing","jacket","seaicéad",,,,,,,,,,,,,,,,,,
"noun",,"transport","journey","turas",,,,,,,,,,,,,,,,,,
"noun",,,"just person, righteous person","fíréan",,,,,,,,,,,,,,,,,,
"adjective",,,"just, exact, correct",,,,,,"juist",,,,,,,,,,,,,
"adjective",,,"just, righteous, sincere","fíréanta",,,,,,,,,,,,,,,,,,
"noun",,"travel","keel","cíle",,"kjøl",,"kiel(m)","kiel(f)",,,,,,,,,,,,,
"noun",,,"kettle",,,,,,,,,,,,,,,,,,,
"noun",,,"key","eochair",,"nøkkel",,"schlüssel(m)",,,,"avain",,,,,,,,,,
"noun",,"computer","keyboard","méarchlár",,"tastatur",,"tastatur(m)",,,,,,,,,,,,,,
"noun",,,"kick","speach(f)",,,,,,,,,,,,,,,,,,
"adjective",,,"kind",,,,,,,,,,,,,,,,,,,
"noun",,,"kind",,,,,"gütig",,,,,,,,,,,,,,
"noun",,,"knife",,,,,"messer(n)",,,,"veitsi",,,,,,,,,,
"verb",,"fact","know",,,"kjenne",,,,"wiedzieć",,,,,,,,,,,,
"verb",,"how to","know",,,,,,,"umieć",,,,,,,,,,,,
"verb",,"person","know",,,,,,,"znać",,,,,,,,,,,,
"verb",,,"know",,,,,"wissen, kennen",,,,"tietää",,,,,,,,,,
"noun",,,"labour, toil, trouble","dua",,,,,,,,,,,,,,,,,,
"adjective",,,"labourious","sclábhúil",,,,,,,,,,,,,,,,,,
"noun",,,"landscape","amharc tíre",,,,,,,,"maisema",,,,,,,,,,
"adjective",,,"last",,,,,"letzt, zuletzt",,,,"viimeinen",,,,,,,,,,
"adjective",,,"late","déanach,mall,deireanach",,,,"spät",,,,,,,,,,,,,,
"noun",,,"laughter","gáire",,"latter",,,,,,,,,,,,,,,,
"adjective",,,"lazy","leisciúil, leasc",,"doven, lat",,"faul, träge","lui, vadsig","leniwy",,,,,,,,,,,,
"adjective",,,"lazy","leasc",,,,,,,,,,,,,,,,,,
"noun",,"at front","lead",,,,,,,,,,,,,,,,,,,
"noun",,"metal","lead",,,,,,,,,,,,,,,,,,,
"verb",,,"lead",,,,,"führen, leiten",,,,,,,,,,,,,,
"noun",,,"leader",,,,,,,,,,,,,,,,,,,
"noun",,,"leaflet","bileog",,"småskrift",,"zettel",,,,,,,,,,,,,,
"verb",,"pounce","leap","ling",,,,,,,,,,,,,,,,,,
"noun",,,"learning","léann(m1)",,,,,,,,,,,,,,,,,,
"comparative",,,"least",,,,,,,,,,,,,,,,,,,
"noun",,,"leat, open drain","léat",,,,,,,,,,,,,,,,,,
"noun",,,"leather","leathar",,,,"leder(n)",,,,,,,,,,,,,,
"verb",,,"leave","fágáil",,,,,,,,,,,,,,,,,,
"adjective",,"direction","left","clé",,,,,,,,,,,,,,,,,,
"noun",,"direction","left","clé",,,,,,,,,,,,,,,,,,
"preposition",,,"left","faoi clé",,,,,,,,,,,,,,"züün",,,,
"comparative",,,"less",,,,,,,,,,,,,,,,,,,
"noun",,"alphabetical","letter",,,,,,,,,,,,,,,,,,,
"noun",,"postal","letter","litir",,,,,,,,,,,,,,,,,,
"verb",,,"lie down",,,,,,,,,,,,,,,,,,,
"adverb",,,"like","ar nós",,,,,,,,,,,,,,,,,,
"phrase",,,"like a hare","ar nós giorria",,,,,,,,,,,,,,,,,,
"adjective",,,"liquid","leachtach",,,,"flüssig",,,,,,,,,,,,,,
"noun",,,"liquid","leacht",,,,"flüssigkeit(f)",,,,,,,,,,,,,,
"verb",,,"listen",,,,,,,,,,,,,,,,,,,
"adjective",,,"little",,,,,"klein, wenig, kurz",,,,"hieman, vähän",,,,,,,,,,
"noun",,"canal","lock",,,,,,,,,,,,,,,,,,,
"noun",,"door","lock",,,,,,,,,,,,,,,,,,,
"verb",,"door","lock",,,,,,,,,,,,,,,,,,,
"adjective","root",,"long","fada",,"lang",,,,,,,,,,,,,,,,
"adjective","comparative",,"longer","faide",,,,,,,,,,,,,,,,,,
"noun",,,"luck","ádh",,"hell",,,,"los, traf",,,,,,,,,,,,
"noun",,,"lust","ainmhian",,"begjær",,,,,,,,,,,,,,,,
"verb","verbal noun",,"lying","luí # i mo luí",,,,,,,,,,,,,,,,,,
"noun",,,"machine",,,,,,,,,"kone",,,,,,,,,,
"verb",,"past","made","rinne",,,,,,,,,,,,,,,,,,
"verb,past",,,"made, done","rinne",,,,,,,,,,,,,,,,,,
"noun",,,"majority","tromlach",,,,,,,,,,,,,,,,,,
"verb",,"present","make","déanann",,,,"machen",,,,,,,,,,,,,,
"noun",,,"man","fear",,"mann","man","mann","man",,"мужчина",,,,,,,,,,,
"noun",,,"management","bainistíocht",,,,,,,,,,,,,,,,,,
"noun",,"house","mantelpiece","matal, clabhar, clár tine",,"kaminhylle",,"kaminsims(m)",,,,,,,,,,,,,,
"adjective","root",,"many","iomaí",,"mange",,,,,,,,,,,,,,,,
"adjective",,,"many","mórán",,"mange",,,,,,,,,,,,,,,,
"noun",,,"market","margadh",,,,,,,,,,,,,,,,,,
"adjective",,,"married","posta",,,,,,,,,,,,,,,,,,
"noun",,,"married couple/engaged couple","lánúin",,,,,,,,,,,,,,,,,,
"adjective",,,"maternity","máithreachais",,,,,,,,,,,,,,,,,,
"noun",,,"maturity","aibíocht, inmhe",,"modenhet",,,,,,,,,,,,,,,,
"noun",,"outdoors","meadow","móinéar, cluain, inse",,"eng",,"weise(f)",,,,,,,,,,,,,,
"noun",,,"measure, number","líon",,,,,,,,,,,,,,,,,,
"verb",,"religious","meditate","machnaigh, meabraigh",,,,,,,,,,,,,,,,,,
"noun",,"religious","meditation","macnnamh, meabhrú, rinnfheitheamh",,,,,,,,,,,,,,,,,,
"noun",,,"meeting",,,,,,,,,"kokous",,,,,,,,,,
"verb",,,"melt","leámh",,,,,,,,,,,,,,,,,,
"noun",,"part","member","ball",,"lem, medlem",,,,,,,,,,,,,,,,
"verb",,,"mend",,,"reparare",,"bessern",,,,,,,,,,,,,,
"noun",,"technique","method","modh, slí, dóigh",,,,,,"metoda",,,,,,,,,,,,
"adjective",,,"middle-class","mheánaicmeacha",,,,,,,,,,,,,,,,,,
"noun",,,"middle-class","meánaicme",,,,,,,,,,,,,,,,,,
"adjective",,,"mild-mannered","cneasta",,,,,,,,,,,,,,,,,,
"noun",,"transport","mile","míle slí",,,,,,,,,,,,,,,,,,
"noun",,,"mind","meabhair",,,,,,,,,,,,,,,,,,
"noun",,"furniture","mirror",,,,,"spiegel(m)",,,,,,,,,,,,,,
"noun",,,"misery","aimléis",,"ynk",,,,,,,,,,,,,,,,
"verbal adjective",,,"missing","ar eirigh",,,,,,,,,,,,,,,,,,
"noun",,,"mistake","botún",,,,"irrtum(m), fehler(m)",,,,,,,,,,,,,,
"adjective",,,"molten",,,,,,,,,,,,,,,,,,,
"noun",,,"money","airgead",,,,"geld(n)",,,,,,,,,,,,,,
"adjective","comparative",,"more","lia",,,,"mehr","groter, meer",,,,,,,,,,,,,
"comparative",,,"more","breis",,,,,,,,"enemmän",,,,,,,,,,
"adjective","comparative",,"more possible","dóichí",,,,,,,,,,,,,,,,,,
"comparative",,,"more than","breis is",,,,,,,,,,,,,,,,,,
"unknown",,,"More, several",,,,"flera",,,,,,,,,,,,,,,
"noun",,"building","mortar","moirtéal",,"morter, mørtel, kalk",,,,,,,,,,,,,,,,
"comparative",,,"most",,,,,,,,,,,,,,,,,,,
"noun",,,"mother","máthair",,"mor","mor","mutter","moeder",,,"äiti",,,,,,"eej",,,,
"noun",,,"mud","clábar, draoib",,"mudder, gjørme",,,,"błoto, brud",,,,,,,,,,,,
"noun",,"Anatomy","muscle","matán",,,,"muskel(m)",,,,,,,,,,,,,,
"possessive",,,"my","mo",,"min/mitt",,"mein","mijn",,,,,,,,,,,,,
"noun",,,"mystery","rún",,"hemmelighet",,,,,,,,,,,,,,,,
"noun",,,"name","ainm",,"navn",,"name(m)","naam",,,,,,,,,,,,,
"adjective",,,"narrow","cúng",,,,,,,,,,,,,,,,,,
"adjective",,,"native","dúchasach",,,,,,,,,,,,,,,,,,
"noun",,,"native","dúchasach",,,,,,,,,,,,,,,,,,
"adjective",,,"natural","nádurtha",,,,,,,,,,,,,,,,,,
"adjective",,,"natural","nádúrtha, dú, dual",,,,,,,,,,,,,,,,,,
"adverb",,,"naturally","gan amhras",,,,,,,,,,,,,,,,,,
"adverb",,,"naturally, of course","gan amhras",,,,,,,,"tietysti, totta kai",,,,,,,,,,
"adjective","root",,"near","fogus",,"nær, nærliggende",,"nahe",,,,,,,,,,,,,,
"adjective","comparative",,"nearer","foisce",,,,,,,,,,,,,,,,,,
"noun",,,"need","gá",,,,,,,,,,,,,,,,,,
"noun",,"plant","nettle","neantóg",,"nesle",,,,,,,,,,,,,,,,
"noun",,,"network","mogalra",,,,,,,,,,,,,,,,,,
"noun",,,"newspaper","nuachtán",,"avis",,"zeitung","krant",,,,,,,,,,,,,
"noun",,,"newt","earc luachra",,,,,,,,,,,,,,,,,,
"noun",,,"nonsense","ráiméis",,,,,,,,"höpöhöpö",,,,,,,,,,
"adjective",,,"north","o thuaidh",,,,"nord",,,,,,,,,,,,,,
"adverb",,,"north","o thuaidh",,,,"nord",,,,,,,,,,,,,,
"preposition",,,"Notwithstanding",,,,"Trots",,,,,,,,,,,,,,,
"preposition",,,"now","anois",,"nå",,"jetzt/nu","nu",,,,,,,,,,,,,
"noun",,,"number","uimhir",,"nummer",,"zahl/nummer","nummer/getal",,,,,,,,,,,,,
"noun",,"travel","oar","rámh, maide rámha",,"åre",,,,,,,,,,,,,,,,
"adjective",,,"obvious","soiléir",,"iøynefallende, innlysende",,,,,,,,,,,,,,,,
"adverb",,,"obviously",,,,,,,,,,,,,,,,,,,
"preposition",,,"of","na",,,,"von","van",,,,,,,,,,,,,
"adjective",,"free","of charge",,,,,,,,,"ilmainen",,,,,,,,,,
"noun",,,"office","oifig",,"kontor",,"amt","ambt",,,,,,,,,,,,,
"adverb",,,"often","go minic",,,,,,,,"usein",,,,,,,,,,
"adjective",,,"old","sean",,"gammel",,"alt","oud",,,,,,,,,,,,,
"phrase",,"transport","on horseback","ar dhroim capaill",,,,,,,,,,,,,,,,,,
"preposition",,,"on top of","anuas air",,,,,,,,,,,,,,,,,,
"adjective",,,"open",,,,,"offen",,,,,,,,,,,,,,
"verb",,,"open",,,,,"öffnen",,,,,,,,,,,,,,
"noun",,,"open space","leathan",,,,,,,,,,,,,,,,,,
"noun",,,"opinion","tuaramíocht",,,,,,,,,,,,,,,,,,
"noun",,,"opportunity","deis",,,,,,,,,,,,,,,,,,
"noun",,,"opportunity","deis",,,,,,,,,,,,,,,,,,
"noun",,,"opportunity","deis",,,,,,,,,,,,,,,,,,
"noun",,,"opposite","a mhalairt",,,,,,,,,,,,,,,,,,
"noun",,,"oppression","éagóir",,,,,,,,,,,,,,,,,,
"verb",,"food","order",,,,,,,,,,,,,,,,,,,
"noun",,,"origin","bunús",,,,,,,,,,,,,,,,,,
"adverb",,,"originally","ó dhuchas",,,,,,,,"kotoisin",,,,,,,,,,
"preposition",,,"other","eile",,,,,,,,,,,,,,,,,,
"adjective",,,"outer","lasmuigh",,"ytre",,,,,,,,,,,,,,,,
"unknown",,,"outside","amach",,,,,,,,,,,,,,,,,,
"comparative",,,"over","os cionn",,,,"über?",,,,,,,,,,,,,,
"preposition",,,"over",,,,,"dort drüben",,,,,,,,,,,,,,
"preposition",,,"over, above","os cionn, lastuas",,,,,,,,,,,,,,,,,,
"noun",,,"overalls","forbhriste",,,,,,,,,,,,,,,,,,
"noun",,"plumbing","overflow","píobán sceite",,,,,,,,,,,,,,,,,,
"noun",,,"overtime","ragobair",,,,,,,,,,,,,,,,,,
"noun",,,"pain","daigh",,,,,,,,,,,,,,,,,,
"adjective",,"complexion","pale","bán",,"blek, blekne",,,,"blady",,,,,,,,,,,,
"noun",,,"paper","páipéar",,,,"papier(n)",,,,,,,,,,,,,,
"adjective",,,"part-time","páirtaimseartha",,,,,,,,,,,,,,,,,,
"adjective",,,"particular",,,"særlig",,,,,,,,,,,,,,,,
"noun",,"event","party","cóisir (check sense)",,,,"partei(f)",,,,,,,,,,,,,,
"noun",,"group","party",,,,,"verband(m)",,,,,,,,,,,,,,
"noun",,,"passport",,,,,,,,"паспорт",,,,,,,,,,,
"adverb",,"go","past",,,,,,,,,,,,,,,,,,,
"adjective",,,"peaceful","síochánta",,,,"friedlich, ruhig",,,,,,,,,,,,,,"an1"
"noun",,"measure","percent","faoin gcéad",,,,"prozent",,,,,,,,,,,,,,
"adjective",,,"permanent","buan",,,,"beständig",,,,,,,,,,,,,,
"noun",,,"permit, licence","ceadúnas",,,,,,,,,,,,,,,,,,
"noun",,"transport","petrol",,,,,,,,,,,,,,,,,,,
"noun",,,"physiotherapy","fisiteiripe",,,,,,,,,,,,,,,,,,
"noun",,,"picture","pictiúr",,,,"bild(m)",,,,,,,,,,,,,,
"noun",,"bed","pillow",,,"hodepute(n)",,,,,,,,,,,,,,,,
"noun",,"bed","pillowcase",,,,,,,,,,,,,,,,,,,
"noun",,,"pinnacle",,,"tind",,,,,,,,,,,,,,,,
"noun",,"plumbing","pipe","píopa, píobán",,,,,,,,,,,,,,,,,,
"noun",,"plumbing","pipe",,,"pipe, fløyte",,,,,,,,,,,,,,,,
"noun",,,"piper","piobaire",,,,"dudelsackpfeifer(m)",,,,,,,,,,,,,,
"verb",,"colony","plant","plandáil",,,,,,,,,,,,,,,,,,
"verb",,"evidence","plant","cur",,,,,,,,,,,,,,,,,,
"verb",,"plant","plant","plandaigh, plandáil",,,,,,,,,,,,,,,,,,
"noun",,,"plant-pot",,,,,"topf(m)",,,,,,,,,,,,,,
"noun",,"dining","plate","lann, pláta",,"tallerken",,"teller(m)",,,,,,,,,,,,,,
"formality",,,"please","le do thoil",,,,"bitte",,,,,,,,,,,,"kudasai",,
"phrase",,,"please","le do thoil",,"vær så god",,"bitte",,,,,,,,,,,,,,
"noun",,"electrical","plug","plucóid?",,,,,,,,,,,,,,,,,,
"noun",,"electrical","plug",,,,,,,,,,,,,,,,,,,
"noun",,"profession","plumber","pluiméir",,"rørlegger",,"sanitaire?",,,,,,,,,,,,,,
"adjective",,"grammar","plural","uimhiriolra",,,,,,,,,,,,,,,,,,
"noun",,"clothing","pocket","póca",,"lomme",,"tasche","zak",,,,,,,,,,,,,
"noun",,,"poetry","filíocht",,,,"poesie(f), gedichte(npl)",,,,,,,,,,,,,,
"noun",,,"policy","polasai",,,,,,,,,,,,,,,,,,
"adjective",,,"polyglot","ilteangach",,,,,,,,,,,,,,,,,,
"noun",,,"polyglot","ilteangach",,,,,,,,,,,,,,,,,,
"noun",,,"pond","lochán",,"dam",,,,,,,,,,,,,,,,
"adjective",,,"poor","bocht",,"fattig",,"arm",,,,,,,,,,,,,,
"adjective",,,"popular","coitianta",,,,"volkstümlich",,,,,,,,,,,,,,
"noun",,,"population","daonra",,"befolkning",,,,,,,,,,,,,,,,
"adjective","root",,"possible","dócha",,"mulig",,,,,,,,,,,,,,,,
"noun",,"weight","pound",,,,,,,,,,,,,,,,,,,
"noun",,,"practice","cleachtadh",,,,"praxis(f), gebrauch(m)",,,,,,,,,,,,,,
"verb",,"religious","pray","guigh, impigh",,"be",,,,,,,,,,,,,,,,
"noun",,"religious","prayer","paidir, urnaí, guí",,"bønn",,"gebet(n)",,,,,,,,,,,,,,
"noun",,,"precious stone","cloch bhua",,,,,,,,,,,,,,,,,,
"verb",,,"press","brúigh",,"trenge",,,,,,,,,,,,,,,,
"noun",,"weather","prevailing wind","gnáthghaoth",,,,,,,,,,,,,,,,,,
"verb",,,"prick, tease","clip",,,,,,,,,,,,,,,,,,
"noun",,"computer","printer",,,,,,,,,,,,,,,,,,,
"adjective",,,"professional","gairmiúil",,"bekjennelse",,,,,,,,,,,,,,,,
"noun",,,"promotion","ardú céime",,,,,,,,,,,,,,,,,,
"noun",,,"pronunciate","foghraíocht",,,,,,,,,,,,,,,,,,
"noun",,"form","prose",,,"prosa",,,,,,,,,,,,,,,,
"noun",,,"prosperity","bail",,"hell",,,,,,,,,,,,,,,,
"noun",,,"prosperity","rath",,,,,,,,,,,,,,,,,,
"adjective",,,"proud","uaibhreach, bródúil",,"stolt",,"stolz","hovaardig, prachtig",,,,,,,,,,,,,
"noun",,,"proximity","fochair",,,,,,,,,,,,,,,,,,
"noun",,,"pudding","putóg",,,,,,,,,,,,,,,,,,
"verb",,,"pull","tarraing, srac, sraon, stoith",,"trekke, dra, hale",,,,"pociągnąć",,,,,,,,,,,,
"verb",,,"pull","tarraing, sraon",,"trekke","dra, rycka","ziehen, abdrücken","trekken, scheuren",,,,,,,,,,,,,
"verb",,,"pull down",,,"rive ned",,,,,,,,,,,,,,,,
"noun",,,"pump",,,,,,,,,,,,,,,,,,,
"verb",,,"pump",,,,,,,,,,,,,,,,,,,
"noun",,"travel","puncture","poll",,,,,,"przebicie",,,,,,,,,,,,
"noun",,,"Punishment",,,,"straff",,,,,,,,,,,,,,,
"noun",,"medical","pus","ábhar",,,,,,,,,,,,,,,,,,
"verb",,,"push","brúigh, sáigh",,"støte",,,,"pchać",,,,,,,,,,,,
"verb",,,"push","brúigh, sáigh",,"støtte","knuffa, stöta","schieben, stossen, drängen","duwen, dringen",,,,,,,,,,,,,
"noun",,,"question","ceist",,,,"frage(f)",,,,,,,,,,,,,,
"adjective",,,"quick","luath",,,,"schnell",,,,,,,,,,,,,,
"adjective",,,"quiet","ciúin",,,,"still, ruhig",,,,,,,,,,,,,,
"noun",,,"radiator","radaitheoir",,,,,,,,,,,,,,,,,,
"adjective?",,,"rather",,,"heller",,"lieber",,,,,,,,,,,,,,
"adjective",,,"raw",,,,,,,,,,,,,,,,,,,
"verb",,,"reach",,,,,"reichen",,,,,,,,,,,,,,
"verb",,,"read",,,,,,,,,,,,,,,,,,,
"adjective",,,"ready",,,,,"bereit",,,,,,,,,,,,,,
"adjective",,,"real, authentic, genuine",,,,,"wahr",,,,,,,,,,,,,,
"noun",,,"reception","fáiltiú",,,,,,,,,,,,,,,,,,
"noun",,"electrical","rechargeable battery",,,,,,,,,,,,,,,,,,,
"verb",,,"recline",,,,,,,,,,,,,,,,,,,
"noun",,,"recoil","speach",,,,,,,,,,,,,,,,,,
"verb",,,"recommend","mol",,,,,,,,,,,,,,,,,,
"noun",,,"recommendation","moladh",,,,,,,,,,,,,,,,,,
"noun",,,"religion","creideamh",,,,,,,,,,,,,,,,,,
"verb",,,"remember","cuimhnigh",,,,,,,,,,,,,,,,,,
"adjective",,,"remote","iargúlta",,,,"fern",,,,,,,,,,,,,,
"noun",,,"report","tuairisc",,,,"bericht",,,,,,,,,,,,,,
"noun",,,"request/petition","achainí",,,,,,,,,,,,,,,,,,
"noun",,,"resources, capacity","acmhainn",,,,,,,,,,,,,,,,,,
"noun",,,"respect","gradam",,,,,,,,,,,,,,,,,,
"adjective",,,"respectful","measúil",,"ærbødig",,,,,,,,,,,,,,,,
"adjective",,,"responsible","ciontach",,,,,,,,,,,,,,,,,,
"adjective",,"ticket","return",,,,,,,,,,,,,,,,,,,
"noun",,,"rhyme",,,,,,,,,,,,,,,,,,,
"verb",,,"rhyme",,,,,,,,,,,,,,,,,,,
"adjective",,,"ridiculous","áiféiseach",,"latterlig",,,,,,,,,,,,,,,,
"adjective",,"direction","right","deis",,,,,,,,,,,,,,,,,,
"adjective",,,"right","ceart",,,,,,,,,,,,,,,,,,
"noun",,,"right","ceart",,,,,,,,,,,,,,,,,,
"preposition",,,"right","faoi dheis",,,,,,,,,,,,,,,,,,
"noun",,,"ring","fáinne",,,,,,,,,,,,,,,,,,
"verb",,"intransitive","ring","cling",,,,,,,,,,,,,,,,,,
"verb",,"transitive","ring","bualadh, baint",,,,,,,,,,,,,,,,,,
"noun",,,"ring-fort","lios, ráth",,,,,,,,,,,,,,,,,,
"adjective",,,"ripe, mature","aibí",,"moden",,,,,,,,,,,,,,,,
"noun",,,"risk","fiontar, priacal",,"fare","risk, fara","gefahr","kans, gevaar",,,,,,,,,,,,,
"adjective",,,"risky","priaclach",,"vågelig","riskabel","gewagt, gefahrvoll",,,,,,,,,,,,,,
"noun",,"engineering","rivet","seam",,"søm",,,,,,,,,,,,,,,,
"noun",,"transport","road","bóthar",,,,,,,,,,,,,,,,,,
"noun",,,"road",,,,,"strasse(f), weg(m)",,,,,,,,,,,,,,
"adjective",,,"roasted",,,,,,,,,,,,,,,,,,,
"adjective",,,"robust","urrúnta",,,,,,,,,,,,,,,,,,
"noun",,,"rock","carraigh",,,,"fels(m)",,,,,,,,,,,,,,
"noun",,,"roof","díon",,,,"dach(n)",,,,,,,,,,,,,,
"noun",,,"roofrack",,,,,,,,,,,,,,,,,,,
"noun",,"botanical","root","fréamh",,"rot",,,,"korzeń",,,,,,,,,,,,
"noun",,,"rope","téad",,,,,,,,,,,,,,,,,,
"noun",,,"rotation","rothlú",,,"rotation, växling","achsendrehung, umlauf",,,,,,,,,,,,,,
"verb",,"travel","row","iomair, rámhaigh",,"ro",,,,,,,,,,,,,,,,
"noun",,"travel","rower","iomróir",,"roer",,,,,,,,,,,,,,,,
"verb","verbal adjective","travel","rowing","ag rámhaíocht",,,,,,,,,,,,,,,,,,
"noun",,"travel","rowlock","roillic, leaba iomartha",,,,,,,,,,,,,,,,,,
"noun",,"travel","rudder","stiúir",,"ror, styre",,,,,,,,,,,,,,,,
"noun",,,"rust","meirg, smúr, smoirt",,"rust, ruste",,,,,,,,,,,,,,,,
"adjective",,,"rustic","tuathúil",,,,,,,,,,,,,,,,,,
"adjective",,,"rusty","meirgeach",,,,,,,,,,,,,,,,,,
"adjective",,,"sad","brónach",,,,"traurig",,,,,,,,,,,,,,
"noun",,,"saddle",,,,,,,,,,,,,,,,,,,
"verb",,"past","said","dúirt",,,,,,,,,,,,,,,,,,
"noun",,"travel","sail","seol",,"seil",,,,,,,,,,,,,,,,
"verb",,"travel","sail","seol",,"seile",,,,,,,,,,,,,,,,
"noun",,,"saint","naomh",,"helgen",,"Heilige","sint, heilige",,,,,,,,,,,,,
"noun",,,"salary","tuarastal",,,,,,,,,,,,,,,,,,
"noun",,,"saucepan",,,,,,,,,,,,,,,,,,,
"noun",,"dining","saucer","sásar, fochupán",,,,"servierteller(m)",,,,,,,,,,,,,,
"adjective",,,"savage","fiáin, brúidiúil",,,,,,,,,,,,,,,,,,
"verb",,"past","saw","chonaic",,,,,,,,,,,,,,,,,,
"verb",,"present","say","deir",,,,"sagen?",,,,,,,,,,,,,,
"noun",,,"scent","boladh",,,,,,,,,,,,,,,,,,
"noun",,"computer","screen",,,,,,,,,,,,,,,,,,,
"adjective",,,"scruffy","amscaí",,,,,,,,,,,,,,,,,,
"noun",,,"sea","farraige, muir",,,,,,,,,,,,,,,,,,
"noun",,"engineering","seal","séala",,"segl(n)",,,,,,,,,,,,,,,,
"verb",,,"seal","séalaigh",,"forsegle",,,,,,,,,,,,,,,,
"noun",,,"seam","uiam, siúnta",,"søm",,,,,,,,,,,,,,,,
"noun",,"travel","season ticket",,,,,,"abonnement",,,,,,,,,,,,,
"noun",,"plant","seaweed","feamainn",,"tang",,,,,,,,,,,,,,,,
"verb",,"present","see","feiceann",,,,,,,,,,,,,,,,,,
"verb",,,"see","feic",,"se",,"sehen",,,,,,,,,,,,,,"jian4"
"adjective",,,"self-indulgent",,,"nytelsessyk",,,,,,,,,,,,,,,,
"noun",,,"seller","díoltóir",,,,,,,,,,,,,,,,,,
"verb",,,"send",,,,,"senden, schicken",,,,,,,,,,,,,,
"noun",,"grammar","sentence","abairt",,,,,,,,,,,,,,,,,,"ju4zi4"
"adjective",,,"separate","ar leith, scartha, scoite",,,,,,,,,,,,,,,,,,
"verb",,,"separate","scar, dealaigh",,,,,,,,,,,,,,,,,,
"adjective",,"medical","septic","seipteach",,,,,,,,,,,,,,,,,,
"noun",,,"septic tank",,,,,,,,,,,,,,,,,,,
"noun",,"computer","server","freastalaí",,,,,,,,,,,,,,,,,,
"noun",,,"service","seirbhís",,,,,,,,,,,,,,,,,,
"adjective",,,"several","ar leith",,"flere, forskjellige",,"verschieden, mehrere","verscheiden",,,,,,,,,,,,,
"noun",,,"sex","gnéas",,"kjønn",,,,,,,,,,,,,,,,
"adjective",,"music","sharp","géar",,,,,,,,,,,,,,,,,,
"phrase",,"get the right preposition!","she said *that* ...",,,,,,,,,,,,,,,,,,,
"noun",,"bed","sheet",,,,,,,,,,,,,,,,,,,
"noun",,,"sheet","leathán",,,,,,,,,,,,,,,,,,
"noun",,"furniture","shelf","seilf, scairbh",,"hylle",,"regal(n)",,,,,,,,,,,,,,
"noun",,,"shelter","foscadh",,,,,,,,,,,,,,,,,,
"adjective",,,"short","gearr, gairid",,,,,"kort",,,,,,,,,,,,,
"adverb",,,"shortly","gan mhoill, ar ball beag",,,,,"kort",,,,,,,,,,,,,
"noun",,"clothing","shorts","briste gearrógach",,"turnbukser, shorts",,,,"szorty",,,,,,,,,,,,
"verb",,,"should",,,,,,,,,,,,,,,,,,,
"noun",,"anatomy","shoulder","gualainn",,"skulder",,,,"ramię",,,,,,,,,,,,
"noun",,"anatomy","shoulder-blade","slinneán",,,,,,,,,,,,,,,,,,
"verb",,,"show","taispeáin, léirigh",,,,,"tonen",,,,,,,,,,,,,
"noun",,"bath","shower",,,,,,,,,,,,,,,,,,,
"noun",,"plumbing","shower","cithfholcadh",,,,,,"tusz",,,,,,,,,,,,
"noun",,"rain","shower",,,,,,,,,,,,,,,,,,,
"verb",,,"shower",,,,,,,,,,,,,,,,,,,
"noun",,,"side","leataobh",,,,"seite(f)",,,,,,,,,,,,,,
"noun",,,"silence","tost",,,,"schweigen(n)",,,,,,,,,,,,,,
"preposition",,,"since","ó shin",,,,,,,,,,,,,,,,,,
"noun",,,"sincerity","fíre",,,,,,,,,,,,,,,,,,
"adjective",,,"single","singil",,,,,,,,,,,,,,,,,,
"adjective",,"grammar","singular","uimhiruatha",,,,,,,,,,,,,,,,,,
"noun",,"plumbing","sink","doirteal",,,,,,"zlew?",,,,,,,,,,,,
"verb","verbal noun",,"sitting","suí # i mo suí",,,,,,,,,,,,,,,,,,
"noun",,"building","slate","scláta",,,,,,,,,,,,,,,,,,
"verb","verbal noun",,"sleeping","codladh # i mo codladh",,,,,,,,,,,,,,,,,,
"adjective",,,"slightly",,,,,,,,,,,,,,,,,,,
"noun",,,"slot","sliotán",,,,,,,,,,,,,,,,,,
"adjective",,,"slow",,,"langsom",,"langsam",,,,,,,,,,,,,,
"adverb",,,"slowly","go mall?",,,,"langsam",,,,,,,,,,,,,,"man4"
"adjective","root",,"small","beag",,"liten",,,,,,,,,,,,,,,,
"adjective","comparative",,"smaller","lú",,,,,,,,,,,,,,,,,,
"adjective",,,"smart","innealta",,,,,,,,,,,,,,,,,,
"adjective",,,"smug","bogásach",,"glatt",,,,,,,,,,,,,,,,
"noun",,,"smut","graostacht",,"sotflekk, flekk, smuss","fläck, snusk",,,,,,,,,,,,,,,
"noun",,,"snarl","drann",,,,,,,,,,,,,,,,,,
"verb",,,"snarl","drann",,,,,,,,,,,,,,,,,,
"noun",,,"snore","sranntarnach",,"snorke",,,,,,,,,,,,,,,,
"noun",,,"snot","smuga",,,"snor",,,,,,,,,,,,,,,
"noun",,,"snout","smut",,,,,,,,,,,,,,,,,,
"noun",,"weather","snow","sneachta",,"snø","snö","schnee","sneeuw",,,,,,,,,,,,,
"noun",,"weather","snow-drift","muc shneachta",,,"snödriva","schneewehe","sneeuwjacht",,,,,,,,,,,,,
"noun",,,"snub","gonc",,,,,,,,,,,,,,,,,,
"noun",,,"soap","gallúnach",,,,,,,,,,,,,,,,,,
"adjective",,,"sober","sóbráilte",,"nøktern",,,,,,,,,,,,,,,,
"noun",,"electrical","socket","soicéad",,,,,,,,,,,,,,,,,,
"noun",,"electrical","socket",,,,,,,,,,,,,,,,,,,
"noun",,"electrical","socket",,,,,,,,,,,,,,,,,,,
"adjective",,,"soft","bog",,,,,,,,,,,,,,,,,,
"noun",,,"solicitor","aturnae",,,,,,,,,,,,,,,,,,
"adjective",,,"solid","crua",,"fast",,"fester",,,,,,,,,,,,,,
"noun",,,"solid","solad",,,,"fest(n)",,,,,,,,,,,,,,
"noun",,,"solution","tuaslagadh",,,,,,,,,,,,,,,,,,
"pronoun",,,"someone, somebody","duine éigin",,,,,,,,,,,,,,,,,,
"adverb",,,"soon","go luath",,,,,,,,"pian",,,,,,,,,,
"adverb",,,"soon",,,"snart, tidlig",,,,,,,,,,,,,,,,
"phrase",,,"sooner or later","luath nó mall",,,,,,,,,,,,,,,,,,
"adjective",,,"sophisticated","sofaisticiúil",,"verdenserfaren, forfinet",,"verfälscht",,,,,,,,,,,,,,
"noun",,,"soul","anam",,,,"seele(f)",,,,,,,,,,,,,,
"adjective",,,"south","o dheas",,"sør, syden, sørover",,"süd",,,,,,,,,,,,,,
"adverb",,,"south","o dheas",,,,"süd",,,,,,,,,,,,,,
"verb",,,"speak","labhair",,"tale, snakke",,"sprechen",,,,,,,,,,,,,,"jiang3"
"adjective",,,"specialized","sainfheidhmeach",,,,,,,,,,,,,,,,,,
"noun",,,"species","gné",,,,,,,,,,,,,,,,,,
"noun",,"ability","speech",,,,,,,,,,,,,,,,,,,
"noun",,"oration","speech",,,,,,,,,,,,,,,,,,,
"verb",,,"spill","doirt",,,,,,,,,,,,,,,,,,
"verb",,"medical","spread","leathadh",,,,,,,,,,,,,,,,,,
"noun",,,"spreadsheet",,,,,,,,,,,,,,,,,,,
"noun",,"mechanical","spring","lingeán",,,,,,,,,,,,,,,,,,
"noun",,"water","spring",,,"kilde",,"quelle","bron",,,,,,,,,,,,,
"adjective",,,"springy","lingeach",,,,,,,,,,,,,,,,,,
"noun",,,"sprinter","rábálaí",,,,,,,,,,,,,,,,,,
"noun",,,"stadium",,,,,,,,"стадион",,,,,,,,,,,
"noun",,"process","stage","céim",,,,,,,,,,,,,,,,,,
"noun",,"theatre","stage","ardán",,,,,,,,,,,,,,,,,,
"noun",,,"standard","caighdeán",,,,,,,,,,,,,,,,,,
"verb","verbal noun",,"standing","seasamh # i mo seasamh",,,,,,,,,,,,,,,,,,
"noun",,,"start",,,,,,,,"старт",,,,,,,,,,,
"verb",,"engine","start","dhúiseacht",,,,,,,,,,,,,,,,,,
"verb",,,"start","tosú",,"begynne",,"starten",,,,,,,,,,,,,,"kai1-shi3"
"adjective",,,"started",,,,,,,,,,,,,,,,,,,
"adverb",,,"steadily","stuama",,"stadig",,,,,,,,,,,,,,,,
"adjective",,,"steady",,,"stadig",,,,,,,,,,,,,,,,
"noun",,"animal","steer, bullock","bullán, bológ",,,,,,,,,,,,,,,,,,
"noun",,"grammar","stem","préamh",,,,,,,,,,,,,,,,,,
"noun",,"botanical","stem, stalk","gas",,,,,,,,,,,,,,,,,,
"adjective",,,"stewed",,,,,,,,,,,,,,,,,,,
"preposition",,,"still/yet","fós",,"ennå",,"noch/immer",,,,,,,,,,,,,,
"noun",,,"stodge","stolp",,,,,,,,,,,,,,,,,,
"adjective",,,"stodgy","stolpach",,,,,,,,,,,,,,,,,,
"noun",,"weight","stone",,,,,,,,,,,,,,,,,,,
"verb",,,"stop","stad",,"stanse, stoppe",,"halten",,,,,,,,,,,,,,"ting2-xia4"
"noun",,"muscular and other","strength","teann",,"styrke",,,,,,,,,,,,,,,,
"noun",,"attribute","strength, vigour","sea",,"styrke",,,,,,,,,,,,,,,,
"adjective","root",,"strong","tréan",,"sterk, kraftig, mektig",,,,,,,,,,,,,,,,
"adjective","comparative",,"stronger","tréine, treise",,,,,,,,,,,,,,,,,,
"phrase",,,"student of ...",,,,,,,,,,,,,,,,,,,
"noun",,"room","study",,,,,,,,,,,,,,,,,,,
"noun",,,"stump","smut",,"stump, stubbe","stump, stubbe","stumpf","stronk, stomp",,,,,,,,,,,,,
"noun",,,"style","stíl, nós",,"stil",,,,,,"tyyli",,,,,,,,,,
"adjective",,,"stylish",,,"flott",,,,,,,,,,,,,,,,
"verb",,,"succeed","lean",,,,,,,,,,,,,,,,,,
"noun",,,"success","rath",,,,,,,,,,,,,,,,,,
"adjective",,,"successful","rathúil",,,,,,,,,,,,,,,,,,
"adjective",,,"sudden","tobann, grod, prap",,"plutselig","plotseling","plötzlich, rasch, hastig",,,,,,,,,,,,,,
"adverb",,,"suddenly","go tobann, de gheit,  de hap, de phreab",,,,"plötzlich, rasch, hastig",,,,,,,,,,,,,,
"adjective",,,"suitable","oiriúnach, feiliúnach",,"passende",,,,,,,,,,,,,,,,
"noun",,"conference","summit","cruinniú mullaigh",,,,,,,,,,,,,,,,,,
"noun",,"outdoors","summit","barr, mulach, buaic",,,,,,,,,,,,,,,,,,
"noun",,,"surname","sloinne",,,,,,,,,,,,,,,,,,
"noun",,,"surprise","ionadh, iontas",,"overraskelse",,,,,,,,,,,,,,,,
"adjective",,,"swanky","galánta",,,,,,,,,,,,,,,,,,
"verb",,,"swap","babhtáil, malartaigh",,,,,,,,,,,,,,,,,,
"noun",,"electrical","switch","lasc",,,,,,,,,,,,,,,,,,
"noun",,,"table","bord",,"bord",,"tisch","tafel",,,,,,,,,,,,,
"verb",,,"take",,,,,"nehmen",,,,,,,,,,,,,,
"phrase",,,"taken with","gafa le",,,,,,,,,,,,,,,,,,
"noun",,"military","tank","tanc",,,,,,,,,,,,,,,,,,
"noun",,"storage","tank","umar",,,,,,,,,,,,,,,,,,
"noun",,"plumbing","tap","buacaire",,,,,,,,,,,,,,,,,,
"noun",,"plant","tap-root","meacan",,,,,,,,,,,,,,,,,,
"noun",,"road surface","tarmac","tarramhacadam",,,,,,,,,,,,,,,,,,
"noun",,,"taste","blas",,,,,,,,,,,,,,,,,,
"noun",,"transport","taxi",,,,,,,,"такси",,,,,,,,,,,
"noun",,,"tear","deoir",,"rive","tår","träne",,,,,,,,,,,,,,
"verb",,,"tear","réab",,"tåre","riva","reissen","scheuren",,,,,,,,,,,,,
"verb",,,"tell","abair, insíonn",,,,"erzählen",,,,,,,,,,,,,,"gao4-su4"
"noun",,"sport","tennis","leadóg",,,,,,,"теннис",,,,,,,,,,,
"noun",,"in rope","tension","teannas, riteacht",,,,,,,,,,,,,,,,,,
"noun",,,"tent","puball",,"telt(n)",,,,"namiot",,,,,,,,,,,,
"phrase",,"get the right preposition!","that is too fast *for* me",,,,,,,,,,,,,,,,,,,
"phrase",,,"that's all","sin é",,,,,,,,,,,,,,,,,,
"comparative",,"equal","the same as",,,,,,,,,,,,,,,,,,,
"preposition",,,"then",,,,,,,,,,,,,,,,,,,
"preposition",,,"there",,,,,"dort, da, dahin",,,"вот",,,,,,,,,,,
"adjective",,,"thick","tiubh",,"tykk",,,,,,,,,,,,,,,,
"adjective",,,"thorough","críochnúil",,"grundig, fullstendig","grundlig, noggrann, fullständig",,"volmaakt, volledig",,,,,,,,,,,,,
"adverb",,,"thoroughly","go feillbhin",,,"grundligt, fullständigt",,,,,,,,,,,,,,,
"conjunction",,,"though","bíoch go, cé go, i ndiaidh go",,,"fast","obgleich","doch",,,,,,,,,,,,,
"preposition",,,"through","trí",,"gjennom, igjennom, mellom","genom","durch",,,,,,,,,,,,,,
"verb",,"transport","tick-over","réchas",,,,,,,,,,,,,,,,,,
"adjective",,,"tidal","taoidmhear",,,,,,,,,,,,,,,,,,
"adjective",,"room","tidy","deismir, néata, slachtmhar",,,,,,"schludny",,,,,,,,,,,,
"noun",,"building","tile","leacán",,"tegl, takstein",,,,,,,,,,,,,,,,
"noun",,,"tip, nib","gob",,,,"spitze",,,,,,,,,,,,,,
"adjective",,,"tired","tuirseach",,"trett, trøtt",,"müde",,,,,,,,,,,,,,
"noun",,,"tiredness",,,,,,,,,,,,,,,,,,,
"phrase",,,"to be in need of something","bheith i ngá ruda",,,,,,,,,,,,,,,,,,
"adjective",,,"to be sure",,,"riktignok",,,,,,,,,,,,,,,,
"phrase",,,"to be with a person","bheith i bhfochair duine",,,,,,,,,,,,,,,,,,
"verb phrase",,,"to get to know","cur in aithne",,,,,,,,,,,,,,,,,,
"preposition","definite",,"to the","don # + seimhiú",,,,,,,,,,,,,,,,,,
"adverb",,,"together","le chéile",,,,,,,,,,,,,,,,,,
"adjective",,,"too much","barraíocht",,,,,,,,,,,,,,,,,,
"noun",,"anatomy","tooth","fiacail",,,,,,,,,,,,,,,,,,
"noun",,,"toothbrush","scuab fiacla",,"tannbørste",,,,,,,,,,,,,,,,
"noun",,,"toothpaste","taos fiacla",,,,,,,,,,,,,,,,,,
"adjective",,,"top","uachtarach",,,,,,,,,,,,,,,,,,
"noun",,,"top","barr, rinn, uachtar",,,,,,,,,,,,,,,,,,
"noun",,,"total","iomlán, súim",,,,,,,,,,,,,,,,,,
"noun",,,"towel","túáille",,,,,,,,,,,,,,,,,,
"noun",,"transport","tractor",,,,,"schlepper(m)",,,"трактор",,,,,,,,,,,
"noun",,,"trade union","ceardchumann",,,,,,,,,,,,,,,,,,
"verb",,,"trick","cleas a imirt",,,,,,,,,,,,,,,,,,
"noun",,,"trouble, bother, concern","trioblóid, buairt",,"bry",,,,,,,,,,,,,,,,
"verb",,,"trouble, bother, concern","buair",,"bry",,,,,,,,,,,,,,,,
"noun",,"clothing","trousers","bríste",,,,"beinkleider(npl), hosen(fpl)",,,,,,,,,,,,,,
"noun",,,"truth","fírinne",,,,"wahrheit(f)",,,,,,,,,,,,,,
"verb",,"taste","try",,,,,,,,,,,,,,,,,,,
"noun",,,"turmoil","tranglam",,,,,,,,,,,,,,,,,,
"noun",,,"turn","casadh",,,,,,,,,,,,,,,,,,
"verb",,,"turn","cas",,,,,,,,,,,,,,,,,,
"noun",,"occasion","turn, time","sea",,"tur",,,,,,,,,,,,,,,,
"verb",,,"twine","dual",,,,,,,,,,,,,,,,,,
"verb",,"keyboard","type",,,,,,,,,,,,,,,,,,,
"noun",,"transport","tyre","bonn",,"dekk, hjulring",,,,,,,,,,,,,,,,
"noun",,"travel","tyre","bonn",,,,,,,,,,,,,,,,,,
"noun",,,"tyre","bonn",,,,,,,,,,,,,,,,,,
"adjective",,,"ugly","gránna, míofar",,"stygg",,,,,,,,,,,,,,,,
"noun",,,"ulcer","othras",,,,,,,,,,,,,,,,,,
"preposition",,,"under","faoi bhun",,,,"unten",,,,,,,,,,,,,,
"preposition","definite",,"under the","faoin # + urú",,,,,,,,,,,,,,,,,,
"adjective",,,"underdeveloped","tearcfhorbothaníos",,,,,,,,,,,,,,,,,,
"noun",,"clothing","underpants","fobhríste",,,,,,,,,,,,,,,,,,
"adjective",,"transport","unleaded",,,,,,,,,,,,,,,,,,,
"conjunction",,,"unless","mura, murar",,"med mindre, hvis ikke",,,,,,,,,,,,,,,,
"adjective",,"room","untidy","amscaí, giobach",,,,,,,,,,,,,,,,,,
"preposition",,,"until","go ham",,,,,,,,,,,,,,,,,,
"noun",,"plural","upper classes","ardaicmí, uasaicmí",,,,,,,,,,,,,,,,,,
"verb",,,"use","feidhm a bhaint",,,,,,,,,,,,,,,,,,
"adjective",,,"useful","fónta, áisiúil, úsáideach",,,,,,,,,,,,,,,,,,
"phrase",,,"useful for (in order to do)","áisineach chun",,,,,,,,,,,,,,,,,,
"noun",,,"usefulness","fónamh",,,,,,,,,,,,,,,,,,
"adjective",,,"useless","éadairbheach, neamaitheach",,,,,,,,,,,,,,,,,,
"adjective",,,"usual","gnáth",,,,,,,,,,,,,,,,,,
"adverb",,,"usually",,,,,,,,,,,,,,,,,,,
"verb",,,"utter",,,"ytre",,,,,,,,,,,,,,,,
"adjective",,,"vague","doiléir, éiginnte",,,,,,,,,,,,,,,,,,
"noun",,,"variety","éagsúlacht",,,,,,,,,,,,,,,,,,
"adjective",,,"various","difriúil",,"ymse",,,,,,,,,,,,,,,,
"noun",,"form","verse",,,,,,,,,,,,,,,,,,,
"noun",,"unit","verse",,,,,,,,,,,,,,,,,,,
"noun",,,"version","leagan",,,,,,,,,,,,,,,,,,
"adjective",,,"very",,,,,"sehr",,,,,,,,,,,,,,
"adjective",,,"victorious","buach",,,,,,,,,,,,,,,,,,
"noun",,,"victory","bua",,,,,,,,,,,,,,,,,,
"noun",,,"view","radharc",,,,,,,,,,,,,,,,,,
"adjective",,,"virile","fireann",,,,,,,,,,,,,,,,,,
"noun",,,"visa",,,,,,,,"виза",,,,,,,,,,,
"verb","verbal noun",,"waking, awake","dúiseacht # i mo dúiseacht",,,,,,,,,,,,,,,,,,
"noun",,,"walkover","bua gan dua",,,,,,,,,,,,,,,,,,
"noun",,,"wallet","tiachóg",,"veske, lommebok",,,,,,,,,,,,,,,,
"adjective",,"temperature","warm","cluthar, teolaí",,,,,,,,,,,,,,,,,,"nua3n"
"noun",,"way","way, manner","dóigh",,,,,,,,,,,,,,,,,,
"noun",,,"weakness","time",,,,,,,,,,,,,,,,,,
"noun",,,"weather","aimsir",,,,,,,,,,,,,,,,,,
"verb",,"past","went","chuaigh",,,,,,,,,,,,,,,,,,
"adjective",,,"west","thiar",,"vest",,"westen",,,,,,,,,,,,,,
"adverb",,,"west","siar",,"vestover",,"westen",,,,,,,,,,,,,,
"preposition",,,"what","cad",,"hva","vad","was","wat",,,,,,,,,,,,,
"noun",,"transport","wheel",,,,,"rad","wiel, rad",,,,,,,,,,,,,
"noun",,"transport","wheel","roth",,"hjul(n)",,,,,,,,,,,,,,,,
"noun",,,"wheelbarrow","bara rotha",,"trillebår(c)",,,,,,,,,,,,,,,,
"adjective",,,"wheezy","cársánach",,,,,,,,,,,,,,,,,,
"adjective",,,"when","cathain",,,,,,,,,,,,,,,,,,
"conjunction",,,"when",,,"idet",,,,,,,,,,,,,,,,
"interrogative",,,"where","cá, cén ait",,"hvor",,"wo",,,,"missä",,,,,,,,,,
"preposition",,,"where",,,,,,,,"где",,,,,,,,,,,
"interrogative",,,"where from",,,,,"von wo",,,,"mistä",,,,,,,,,,
"interrogative",,,"where to",,,,,"wohin",,,,,,,,,,,,,,
"verb",,,"whine, whimper","meacan",,,,,,,,,,,,,,,,,,
"preposition",,,"who",,,,,,,,,,,,,,,,,,,
"preposition",,,"whom",,,,,,,,,,,,,,,,,,,
"prepositional pronoun",,,"whose","cér",,,,,,,,,,,,,,,,,,
"interrogative",,,"why","cad ina thaobh, cén fáth",,,,,,,,,,,,,,,,,,
"noun",,,"willow","sail",,,,,,,,,,,,,,,,,,
"noun",,"weather","wind","gaoth",,,,"wind(m)","wind",,,"tuuli",,,,,,,,,,
"noun",,,"window","fuinneog",,,,,,,,,,,,,,,,,,
"noun",,"travel","windscreen wiper","cuimleor gaothscátha",,,,,,,,,,,,,,,,,,
"verb",,,"wink","caochadh",,"blinke",,,,,,,,,,,,,,,,
"noun",,"electrical","wire, cable","sreang",,"metalltråd",,,,,,,,,,,,,,,,
"verb",,,"wish","togair",,"ønske",,,,,,,,,,,,,,,,
"preposition",,,"with","le",,,,,,,,,,,,,,,,,,
"prepositional pronoun",,,"with you","leat",,,,,,,,,,,,,,,,,,
"noun",,,"woman","bean",,"kvinne","kvinna","frau/weib","vrouw",,"женщина",,,,,,,,,,,
"noun",,"place","wood, forest","coill, doire",,,,,,,,,,,,,,,,,,
"noun",,"material","wood, timber","adhmad",,,,,,,,,,,,,,,,,,
"noun",,,"work","obair",,,,,,,,,,,,,,,,,,
"verb",,"operate, function","work","obair",,,,,,,,,,,,,,,,,,
"noun",,,"working class","aicme oibre",,,,,,,,,,,,,,,,,,
"noun",,,"worry","buairt",,,,,,,,,,,,,,,,,,
"verb",,,"worry","buair",,,,,,,,,,,,,,,,,,
"adjective","comparative",,"worse","measa",,"verre, slettere",,,,,,,,,,,,,,,,
"comparative",,,"worse",,,,,,,,,,,,,,,,,,,
"comparative",,,"worst",,,,,,,,,,,,,,,,,,,
"noun",,"medical","wound","créacht",,,,,,,,,,,,,,,,,,
"unknown",,,"wrench","rinse",,,,,,,,,,,,,,,,,,
"noun",,,"wretch","troch",,,,,,,,,,,,,,,,,,
"adjective",,,"wrong","olc",,,,,,,,,,,,,,,,,,
"noun",,"measure","yard","slat",,,,,,,,,,,,,,,,,,
"noun",,,"yawn",,,"gjesp",,,,,,,,,,,,,,,,
"verb",,,"yawn","maoinfuíoch (sp?)",,"gjespe",,,,,,,,,,,,,,,,
"affirmative",,,"yes","is ea",,"ja",,"ja","ja",,,"joo",,,,,,,,,,
"adjective",,,"young","óg",,"ung",,"jung","jong",,,,,,,,,,,,,
"noun",,,"young girl","girseach",,,,,,,,,,,,,,,,,,
"possessive",,,"your","do",,"din",,"dein","uw/jouw",,,,,,,,,,,,,
"noun",,,"youth, manservant","giolla",,,,,,,,,,,,,,,,,,
"adjective",,"free",,,,,,,,,,"vapaa, ilmainen",,,,,,,,,,
"phrase",,,,"go dtugaim",,,,,,,,,,,,,,,,,,
"unknown",,,,,,,"synts",,,,,,,,,,,,,,,
"unknown",,,,,,,"olika",,,,,,,,,,,,,,,
